accID,name,genus,taxID,fasta
FJ468339.1.1442,Dietzia cinnamea,Dietzia,321318,MSSTEYIRPTDGADEHQAPHAHHDHHGHDHHGHDHADVEPYAWTDAKRYLWLLGVIPAMGLFLSMPFVAGFNALGWEIPATIAWFLLPFLVYVAIPLGDLAIGADGENPPDEVMDKLEADPFYRWCTYLYIPFQYASLIAACYLWTADDLSWLGYDGGLGVAASIGVAWTVAITGGIGINTAHELGHKIAGSEKWLSKVALATTGYGHFFIEHNRGHHARVATPEDPASSRFGESFWAFLPRSVVGSLRSAWSLESERLGRLGKSPWTLRNDNLNAWLMTVVLFGALIAIFGWEVAPWLIVQAIFGFSLLEVVNYLEHYGLLRQKTSAGRYQRCRPEHSWNSDHLVTNIFLYHLQRHSDHHANPMRRYQMLRSFEQAPQLPSGYATMMVIAYIPPLWRKVMDKRVLDHYDGDITRANIQPSKREKILARYGAGSNAVAERIIADTDIAADQTSPTGEYVCPNCGNHYSEAAGLPREGFPPGTPWSAIPDSWQCSDCGVRDKVDFLPVK
X81920.1.1316,Dietzia maris,Dietzia,37915,MSSTEYIRPTDGADEHEAPHAHHDHHGHDHHEHDHADVEPYAWTDAKRYLWLLGVIPAMGLFLSMPFVAGFNALGWEIPATIAWFLLPFLVYVAIPLGDLAIGADGENPPDEVMDKLEADPFYRWCTYLYIPLQYASLIAACYLWTADDLSWLGYDGGLGVAASIGVAWTVAITGGIGINTAHELGHKIAGSEKWLSKVALATTGYGHFFIEHNRGHHARVATPEDPASSRFGESFWAFLPRSVVGSLRSAWSLESERLGRLGKSPWTLRNDNLNAWLMTVVLFGALIAIFGWEVAPWLIVQAIFGFSLLEVVNYLEHYGLLRQKTSAGRYQRCRPEHSWNSDHLVTNIFLYHLQRHSDHHANPMRRYQMLRSFEQAPQLPSGYATMMVIAYIPPLWRKVMDKRVLDHYDGDITRANIQPSKREKILARYGAGSTAVAEKIIADTDIATDQTSPTGEYVCPNCGNHYSEAAGLPREGFPPGTPWSAIPDSWQCSDCGVRDKVDFLPVK
EU821598.1.1396,Dietzia lutea,Dietzia,546160,MSSTEYIRPAEGTDEHEAPQAHHDHHGHDHADVEPYAWTDAKRYLWLLGVIPAMGLFLSMPFVAGFNALGWEIPATIAWFLLPFLVYVAIPLGDLVIGADGENPPDEVMDKLEADPFYRWCTYLYIPLQYASLIAACYLWTADDLSWLGYDGGLGIAASIGVAWTVAITGGIGINTAHELGHKIAGSEKWLSKVALATTGYGHFFIEHNRGHHARVATPEDPASSRFGESFWAFLPRSVVGSLRSAWSLEKERLGRLGKSPWTLRNDNLNAWLMTVVLFGSLIAIFGWEVAPWLIVQAIFGFSLLEVVNYLEHYGLLRQKTSAGRYQRCRPEHSWNSDHLVTNIFLYHLQRHSDHHANPMRRYQMLRSFAQAPQLPSGYATMMVIAYVPPLWRKVMDKRVLDHYDGDITRANIQPSKREKILARYAAGSTAVAEKVIADSDIATDQTSPTGEYVCPNCGNHYSEAAGLPREGFPPGTPWSAIPDSWQCSDCGVRDKVDFLPVK
FJ468332.1.1439,Dietzia kunjamensis,Dietzia,322509,MSSTEYISPTDGAPHTHHEGDAAVEPYAWTDAKRYLWLLGLIPAMGLFLSMPIVAGFNALGWGLAATVAWFLLPFLVYVAIPLGDLAIGADGENPPDEVMDRLEADPYYRWCTYLYIPFQYASLITAAYLWSADDLSWLGYDGGLGIAASIGVAWTVAITGGIGINTAHELGHKIAGSEKWLSKVALATTGYGHFFIEHNRGHHARVATPEDPASSRFGESFWAFLPRSVFGSLTSAWHLESERLERLGKSPWTLRNDNLNAWLMTVVLFGGLIAVFGWEIAPWLIVQAIFGFSLLEVVNYLEHYGLKRQKTSAGRYQRCRPEHSWNSDHLVTNIFLYHLQRHSDHHANPMRRYQVLRSFEQAPQLPSGYATMMVLAYVPPLWRKVMDKRVLAHYDGDITRANIQPSKRERILARHGAGSTAVAEQIVADTDIATDQTSPTGEYVCPNCGNHYSEAAGLPREGFPAGTPWSAIPDSWRCSDCGVRDKVDFLPVK
FJ468331.1.1439,Dietzia psychralcaliphila,Dietzia,139021,MHTDVQAGEAAAQPYPWTDGKRYLWMLGLIPAGALFISLGLFSWFSHAGWDTAAVVAWFVAPFVVFVFIPLLDMVVGVDGRNPPEEVIERLEADPFYRWCTYLYIPVQYAALVVACYLWAADDLSFFGHEGGLGLVAKIGVAWAVGIAGGIGINTAHELGHKIENSEKWLSKIALATTAYGHFYIEHNRGHHARVATPEDPASSRLGESFWAFLPRSVVGSMISAWELEKNRLERLGKSPWTLRNDNLNAWLMTVVLFGALTAAFGLEVLPWLILQAVYGFSLLEVVNYLEHYGLRRKKLDSGRYQRCRPEHSWNSDHLVTNIFLYHLQRHSDHHANPMRRYQVLRTTDDAPQLPAGYAALIVVAYFPPIWRRIMDHRVLDHYDGDVTRANIQPSKRERILARYAAPAATGTGAASSASTTPAATATAVLDPEPDVDIVRDAVSPIGTYACPNCGHHYVEALGKPREGFAPGTPWSEIPDDWQCPDCGVRDKVDYLPVS
X92157.1.1456,Dietzia natronolimnaea,Dietzia,161920,MHTDLQAGETAAQPYPWTDGKRYLWLLGLIPAGALFISLGLFSWFSHAGWGTAAVVAWFVAPFVVFVFIPLLDMVVGVDGRNPPEEVIERLEADPFYRWCTYLYLPVQYAALIFACYLWTADDLSFFGHEGGLGLVAKIGVAWAVGIAGGIGINTAHELGHKIQNSEKWLSKIALATTAYGHFYIEHNRGHHARVATPEDPASSRLGESFWAFLPRSVIGSLISAWELEKNRLERLGKSPWTLRNDNINAWLMTLVLFGGLTAVFGLEVLPWLILQAVYGFSLLEVVNYLEHYGLRRKKLDSGRYQRCRPEHSWNSDHLVTNIFLYHLQRHSDHHANPMRRYQVLRTTDDAPQLPAGYAALIVVAYFPPIWRRIMDHRVLDHYDGDVTRANIQPSKRERILARYGDPSATGASTATSRSSAPAATATAVLDPEPDVDAVRGAVSPIGTYACPNCGHHYVESLGEPREGFAPGTPWSAIPDDWQCPDCGVRDKVDFVPVS
AB377289.1.1455,Dietzia timorensis,Dietzia,499555,MSHSVSDHQQHEEDFDGHGHTAGHHHHHHDHVNPDVDPYNWTDPKRHLWLLGLIPAGMLFPALAFFAAFNWLANHSFLGVETPWSVLATLTMFLPWVMVFVFIPVQDYRFGRDGSNPPEEVRERLEADKFYRWVVYAYVPLQYATLIMACYLWTANDLSWLGHEGPMHIVGKLGVMLAAGIAGGIGINTAHELGHKIESGEKWASRITLATTFYGHFFVEHNRGHHARVATPEDPASSRFGESYYRFLPRSVFGSLRSAWGLEKDRLARQGKSPWTLRNDNLSAWAMSVVLFAALTAIFGWAVLPWLIVQAIYGFSLLEVVNYLEHYGLLRQKTKKGRYQRCRAEHSWNSDHMVTNIFLFHLQRHSDHHANPMRRFQVLRTIDEAPQLPAGYATMIVLAHFPPLWRKVMDKRVLAHYGGDVHRANIDPLFHDRIVAKYATTANDAGRTQAQVGGTATLVEDTDADQALAAGTSPIGTYVCPNCGHHYEESKGEPREGFPAGTKWSDIPNDWQCPDCGVREKIDFLPVA
AB624257.1.1423,Gordonia iterans,Gordonia,1004901,MTHTTHGADVPALGWRDKKRYLWLLGLIPPTAILVVTGIIAGMNWLGDRLDWGWLNAVSPVWWWIGPILLYLLLPVLDVFFGPDGQNPPDELMEQLENDKYYRYCTYAYIPFQVVSLVYACYLWTADDLSWLGVDGGLSLVSKVGLALSIGVMGGVGINTAHELGHKKVSLERWLSKVTLAQTAYGHFYIEHNRGHHVRVATPEDPASSRFGENFWTFLPRSVFGSLKSAWELEANRMKRLERPVFHPSNDVLNAWVMTVVLWSALTAIFGWEILPFMVIQAIYGFSLLETVNYLEHYGLLRQKNKRGRYERCTPQHSWNSDHIATNIFLYHLQRHSDHHANPTRRYQVLRSFDEAPNLPSGYASMITLAYVPPVWRKVMDKRVIEHYGGDLSRANLQPGKEEKLLAKYAGSAAEVNAEAAAGLRTSSAKDEGLVAVLDRVAPTAAEDVYGCPNCGFVYSEAAGAPREGFPAGTSWAKVPDDWACPDCGVREKADFVKIGG
AM406674.1.1489,Gordonia malaquae,Gordonia,410332,MANPTIDDSPVDDVQWRDKKRHLWLLGLIPPTAVFIATGLIALMNWAGDKLDWAWLGTVSPVWWWIGPILLYVLLPILDVFFGPDGQNPPDELMEQLENDKYYRYCTYAYIPFQFASLIFAAYLWTAGPNGRFGDLSWLGVDGGSLGIVSKIGLALSIGVMGGIGINTAHELGHKKVSLERWLSKITLAQTFYGHFFIEHNRGHHVRVATPEDPASSRFGETFWSFLPRSVYGSLKSAWELEANRLKKIDKPVFHRSNDVLNAWVMSIVLWGVLAAVFGWQILPFMVLQAVYGFSLLETVNYLEHYGLVRQKNARGRYERCTPSHSWNSDHICTNIFLYHLQRHSDHHANPTRRYQTLRSFEEAPNLPSGYASMIGIAYFPPIWRKIMDKRVIEHYDGDLTRANLQPGKEAKLLAKYGQTARAQAPAAAQDTAVALLDRPAATAYRCPNCEYVYREAEGAPREGYAAGTPWASVPDDWNCPDCGVRDKIDFLPIGA
X93485.1.1461,Gordonia hirsuta,Gordonia,53427,MTQASDTDRSTDVPPVEWRDKKRYLWLLGLIPPTALFVAMGLIAALNWVGHTLDWGWMQSFTPVWWWIGPILLYILLPILDRFFGPDGQNPPDELIEQLENDKYYRYCTYAYIPLQIASLIFAAYLWTAGPGGRFGDLSWLGIDSGSLGVISKIGLALSMGVMGGVGINTAHELGHKKVSMERWLSKVTLAQTVYGHFYIEHNRGHHVRVATPEDPASSRFGESFWTFFPRSVFGSLRSAWELEANRMKRLGRPVFHPSNDVLNAWAMSIVLWGVLMAVFGWQILPYLVIQAIYGFSLLETVNYLEHYGLLRKKNARGRYERCTPQHSWNSDHIATNIFLYHLQRHSDHHANPTRRYQVLRSFDEAPNLPSGYASMIAVAYVPAVWRKVMDKRVIAHYGGELSRANLQPGKEEQLLAKYADQCAALTGAPAAGLQATKAKDEGAVAVLEKQAATAGVVYACPNCAYGYREVAGAPREGFPAGTAWADIPDDWPCPDCGVREKIDFVRIGE
X60070.11.1449,Mycobacterium genavense,Mycobacterium,36812,MTTQIPAQELGETEWRDKKRYLWLMGLIPPTALFVMLPIVWGLNYLGWHGAAQVPLWIGPILLYIVLPILDLRFGPDRQNPPDEVMERLENDKYYRYCTYIYIPFQYLSVVLGAYLFTASDLGWLGFETGLGWAGKIGVALSVRVLGGVGINTAHELGHKKDLLERWLSKITLAQTGYGHFYIEHNRGHHVRVSTPEDPASARFGETFWEFWPRSVFGSLRSAVRLEAQRIRRLGRSPWDPRTYASNDVLNAWAMSVLLFGALIAVFGVGVIPFLVIQAVFGFSLLETVNYLEHYGLLRQRNANGRYERCAPVHSWNSDHIVTNLFLYHLQRHSDHHANPTRRYQTLRSMAGAPNLPSGYASMIALTYIPAVWRKVMDHRVLAHYDGDITRVNIHPRMRAGAGEVRSPREGARMSVYRCPCCGYTYDEAKGAPREGFPAGTPFADIPDYWCCPDCAVLEKVDFEASEESGVNS
AJ871306.1.1459,Patulibacter americanus,Patulibacter,588672,MGTTAVPRTGAAGADQQHENDHGHGHDHGPTADVPVPGWSDGKRYAWLLGLIVPASPFLGWGLVEATGLGVFWWLGPMLVFAVMPILDLVIGTDAENPPDRVLAWLEQDRWYRWCTYAYLPLQYGGLVLACSMWASGDLSLLEQLGLAITVGCVSGIAINTAHELGHKRDKAEKWLSRVALAQSGYGHFFIEHNRGHHVRVATPEDPASSRLGQSFYAFWPRTVSGSLTSAWHLEKERLARKGSGPWTLRNDVLNAWAMSVVLFAGLLAVFGLGVAPWLLLQAVLGFSLLEVVNYLEHYGLVRGRRSDGRYERCRPEHSWNSNNVASNVFLYHLQRHSDHHAHPTRRYQALRHFEEAPQLPSGYATMILAALIPPVWRRVMDPRVMAHYAGDVGRANVHPPARERVLRRLGPGTPAAIEGARVFAEREAADARARAAAEAEEAAEAAAALAAVEAPAHRCPVCGYVYADAAGDPHEGLRPGTPWSAVPDDWSCPDCGVRDKVDFVPVREAEGALGG
AB193261.1.1528,Patulibacter minatonensis,Patulibacter,298163,MGTAAIPGPHGAAGDGADDHHDHGHSHGGGDAPEVTPASWTDGKRYAWLLGLIVPISPFIAYGLVEATGLGVLWWLGPLLVFALMPVLDTLIGTDAENPPDRVLAWLEQDRYYRWCTYLYVPLQYASLVFACVMWASGDLSVVESIGLAATVGCVSGFAINAAHELGHKRDAAEKWLSKIALAQTGYGHFFVEHNRGHHVRVATPEDPASSRLGQSFWVFLPRTVYGSATSSWHLERERFRRLGTSPWTFRNDLLNAWAMTVVGFVVLVAAFGVDVVPYLLLQGVIGFSLLEIVNYLEHYGLVRQQKEDGRYERTRPEHSWNSNNVASNVFLFHLQRHSDHHAHPTRRYQALRHFEEAPQLPSGYATMILLALFPPIWRRVMDHRVLAHYGGDVTRANIHPRRRGHVLAKYGPGTKPAEEGARVFAVREAADERARLQAEAEAAAAAAQAEVVADAYSCPICDYVYEVAAGDPRNGVPAGTAWSGVPDDWNCPECGVRDKADFVPVTDGRTAVAAGGASRTQDD
DQ291145.1.1419,Lentzea kentuckyensis,Lentzea,360086,MSDKKATVPVGSTEQWTDGKRYLWLLGLVVPSLAFLAIGLHAATGWGIWFWIGPIVVLIVVPAIDLVAGLDRGNPPDDVIERLENDRYYRWITYLYLPIQYAGFVAAFWLIARGDLTVVDKIGLAVSIGCVGGIGINTAHELGHKKESHERWLSKIALAQSFYGHFYIEHNRGHHVRVATPEDPASSRVGESFYRFWPRTVAGSVRSAWRLERKRYARRDRHPLRLGNDVLNAWLMSAVLWAAMIAWLGVGILPYLLIQAVIGFSLLEVVNYMEHYGMLRQKVGAPDRRRYERVDPSHSWNSNNIATNVLLYHLQRHSDHHANPTRRYQTLRDFAESPVLPTGYAGMIVLALVPPLWRRVMDPRVHAHFGGDIARANIQPGKRAQVLARYGGVATREAVVADTRGDATAGGMCPGCGYVYDETTGDPREGFPAGTPWSAIPDSWCCPDCGVREKIDFVAPGRVGSA
AJ508241.1.1408,Amycolatopsis tolypomycina,Amycolatopsis,208445,MSEATGTLPAGSTELWRDRKRYLWLIGLVVPSLAFLAIGLHAATGWGGWFWIGPVVILVIVPLIDLVAGLDRSNPPDDVIARLENDRYYRWITFAFLPVQYLGFAAAFWLIARGELTVADKIGLAVSIGCVGGIGINTAHELGHKKESHERWLSKIALAQSWYGHFYIEHNRGHHVRVATPEDPASSRVGESFYRFWPRTVFGSLKSAWRLERKRYARRDRHPYRLGNDVLNAWLMSAVLWAAMVVWLGPGVLPYLVIQAVVGFSLLEVVNYMEHYGMLRQRVGAPGRRRYERVDPSHSWNSNNIATNVLLYHLQRHSDHHANPTRRYQTLRDFAESPVLPTGYAGMIVLALVPPLWRRVMDPRVLAHYDGDISRANIQPGKRARVLARYGTRVTAASREIADTHGDATEGGMCPGCGYVYDERRGDPREGFPAGTPWAAIPDTWCCPDCGVREKVDFVAPGRVGPAGP
Z78210.1.1467,Nocardioides jensenii,Nocardioides,1843,MATRTAGTVPAGSTEKWRDNKRYLWLIGLVVPSLAFVAFGMYALTGWGVWFWVGPIVILGVVPAIDLVAGLDRSNPPDDVIEELEKDKYYRWITFLFLPIQYAGFVGAMWLVSGGNPLGLIDEPLGLVDKIGLAISIGCIGGIGINTAHELGHKKESNERWLSKIALAQSFYGHFYIEHNRGHHVRVATPEDPASSRFGENFYQFWPRTVIGSLKSSWNLEKKRIARKNKHPFRLSNDVLNAWLMSSVLFGAMIAIFGIGIAPYLVIQAIVGFSLLEVVNFMEHYGMLRQKVGAGERQRYERVLPSHSWNSNNIATNVLLYHLQRHSDHHANPTRRYQTLRDFEESPVLPTGYAGMIVLALFPPVWRRVMDPRVIAHFDGDLTLANLQPGKEEKLLAKYGVAMSEAKAERRARDDEAAALAVSVGNEVLAARCPGCDYVYDVDAGDEHEGFAAGTAWADIPDSWCCPDCGVREKVDFVPIDKAVA
AY184424.1.1482,Amycolatopsis mediterranei,Amycolatopsis,33910,MSEAIGTVPAGSTELWRDRKRYLWLIGLVVPSLAFLAIGLHAATGWGGFFWIGPVVILVLVPGIDLVAGLDRSNPPDDVLARLENDRYYRWITFAFLPVQYLGFAAACWLIARGELTVVDKIGLAVSIGCVGGIGINTAHELGHKKESHERWLSKIALAQSCYGHFYIEHNRGHHVRVATPEDPASSRVGESFYRFWPRTVFGSLKSAWRLERKRYARRDRHPYRLGNDVLNAWLMSAVLWASMIAWLGAGVLPYLVIQAVVGFSLLEVVNYMEHYGMLRQRVGAPGRRRYERVDPSHSWNSNNIATNVLLYHLQRHSDHHANPTRRYQTLRDFAESPVLPTGYAGMIVLALVPPLWRRVMDPRVLAHYGGDISRANIQPGKRAKVLARYGTRVTAAAREVADTRGDATEGGRCPGCGYVYDEQRGDPREGFPAGTPWAAIPDSWCCPDCGVREKVDFVAPGRVSPAGGGPT
AY183358.1.1446,Amycolatopsis lexingtonensis,Amycolatopsis,218822,MSEVTGTVPAGSTELWRDRKRYLWLIGLVVPSLAFLAIGLHAATGWGGWFWIGPVVILVIVPLIDLAAGLDRSNPPDDVIERLENDRYYRWITFAFLPVQYLGFAAAFWLIARGDLTVADKIGLAVSIGCIGGIGINTAHELGHKKESHERWLSKIALAQSFYGHFYIEHNRGHHVRVATPEDPASSRLGESFYRFWPRTVFGSLKSAWRLERKRYARRDKHPFRLGNDVLNAWLMSAVLWAAMIAWLGVEILPYLVIQAVIGFSLLEVVNYMEHYGMLRQRVGTAGKRRYERVDPSHSWNSNNIATNVLLYHLQRHSDHHANPTRRYQTLRDFAESPVLPTGYAGMIVLALVPPVWRRVMDPRVLAHFDGDVSRANIQPSKREKILARYGTRVTAAGPAPAADTYGDATEGGMCPGCGYVYDEKLGDPREGFPAGTPWSAIPDSWCCPDCGVREKVDFVAPGRVGA
EU921261.1.1483,Pseudonocardia acaciae,Pseudonocardia,551276,MSGAAGTVPSGSTERWTDRKRYLWLIGLVVPSLAFLAIGMHAVTGWGVWFWIGPIVILGVVPAIDLVAGLDRSNPPDDVIEALENDRYYRWITYAFLPIQYAGFVVAFWLIARGDLTLVDKIGLAISIGCVGGIGINTAHELGHKKESHERWLSKIALAQSFYGHFYIEHNRGHHVRVATPEDPASSRVGESFYRFWPRTVAGSVRSAWRLERKRYARRDRHPYRIGNDVLNAWLMSAVLWAAMVAWLGVGILPYLVIQAVVGFSLLEIVNYMEHYGMLRRKVGPPDRRRYQRVDPSHSWNSNNIATNVLLYHLQRHSDHHANPVRRYQTLRDFAESPVLPTGYSGMMTLALIPPVWRRVMDPRVLAHFDGDITRANIQPGRRAKVLARYGAAAPAVEHYPADSPADPLGNAEAGGTCPGCGYVYDEKRGDPREGFPAGTPWSVIPDSWCCPDCGVKEKVDFVATGTVSA
D86935.1.1467,Amycolatopsis orientalis,Amycolatopsis,31958,MSEMTGTVPAGSTERWTDRKRYLWLIGLVVPSLAFLAIGLHAATGWGVWFWIGPIVILLVVPLIDLVAGLDRDNPPDDVIERLERDRYYRWITFAFLPIQYAGFVAAFWLIARGDLSVVDKVGLAISIGCIGGIGINTAHELGHKKESHERWLSKIALAQSFYGHFYIEHNRGHHVRVATPEDPASSRVGESFYRFWPRTVFGSLKSAWGLERKRYARRDRHPFRIGNDVLNAWLMSAVLWAAMTVWLGPGILPYLVIQAVIGFSLLEVVNYMEHYGMRRQKVGPPNRRRYERVDPSHSWNSNNIATNVLLYHLQRHSDHHANPTRRYQTLRDFAESPVLPTGYAGMIVLALFPPVWRRVMDPRVLAHFDGDISRANIQPSKRAKILARHGTRVTAPSRVVADTHGDATEGGMCPGCGYVYDEERGDPREGFPAGTPWSAIPDSWCCPDCGVRDKVDFVAPGRVGA
AF051342.1.1519,Prauserella rugosa,Prauserella,43354,MASRPAATGGTEEWTDRKRYLWLIGLVVPSLVFLAIGLREATGWGVWLWIGPIVILVVVPLLDLVAGLDRSNPPDDVLEQLENDRYYRWVTYAYLPIQYAGFVVALWLIMRGDLSTVDKVGLAITVGCVGGIGINTAHELGHKKESHERWLSKIALAQSFYGHFYIEHNRGHHVRVATPEDPASSRVGESFYRFWPRTVVGSLRSAWRLERKRYARRDRHPFRIGNDVLNAWLMSAVLWSVMIAWLGIGVLPYLLIQAVVGFSLLEIVNYMEHYGMLRQKRGSPERRRYERVDPSHSWNSNNIATNVLLYHLQRHSDHHANPVRRYQTLRDFPESPVLPTGYAGMIVLALIPPLWRRVMDPRVLAHFDGDITRANIQPGKREKILARYGRPDSGSGADSGAEKGAAGVGAVVGEDTRGDATDGGMCPGCGYVYDEATGDPREGFPAGTPWSAIPDSWCCPDCGVREKVDFVAPGRVRV
Y18629.1.1497,Marmoricola aurantiacus,Marmoricola,86796,MASSATVPQGSTEEWQDGKRRLWLIGLVVPSLALVAFVMHRLTDWPVWVWIGPIVILVVVPAIDLIAGLDRTNPPDDVIERLEADRYYRWITYAYLPIQYAGFVMAFVWISHPEWLGVDPLGTWEKIGVAVSIGCIGGIGINTAHELGHKKESHERWLSKIALAQSFYGHFYIEHNRGHHVRVATPEDPASSRFGETFYAFWPRTVVGSLKSAWRLEKRRYARKHQHPFRLGNDVLNAWLMSVVLWGAMVAVLGWQVLPLLVVQAVVGFTLLEVVNYMEHYGMLRQKVGVGHRERYERVDPSHSWNSNNIATNVLLYHLQRHSDHHANPTRRYQTLRDFEESPVLPTGYAGMIVLAVAPPLWRRVMDPRVLAHFDGDITRANLQPRKRERILARYAADTRAAQEKAARDAADAAALAAADEVLAAQCPGCGYTYEVERGDEHEGFAAGTAWADVPDSWCCPDCGVREKVDFVPVDAGRLTGS
FJ938354.1.1474,Lentzea jiangxiensis,Lentzea,641025,MSDMKATVPVGSTERWTDGKRYLWLLGLVVPSLAFLAVGMHAVTGWGVWFWIGPVVVLVIVPAIDLVAGLDRSNPPDDVIERLENDRYYRWITYLYLPIQYVGFVVAFWVIARGDLSVVDKIGLAVSIGCIGGIGINTAHELGHKKESHERWLSKIALAQSFYGHFYIEHNRGHHVRVATPEDPASSRVGESFYRFWPRTVFGSVKSAWRLERKRYGRRDRHPFRIGNDVLNAWLMSAVLWAAMIVWLGVGIVPYLLVQAVIGFSLLEVVNYMEHYGMLRQKVGAPGRRRYERVDPSHSWNSNNIATNVLLYHLQRHSDHHANPTRRYQTLRDFEESPVLPTGYAGMILLALVPPLWRRVMDPRVRAHFGGDVGRANIQPGKRDRVLARYGGSSAGDDVVADTRGDATAGGMCPGCGYVYDEKTGDPREGFPAGTPWSAIPDSWCCPDCGVREKIDFVAPGHVTSA
AY957506.1.1417,Amycolatopsis benzoatilytica,Amycolatopsis,346045,MKKYRLAGANGETGWHDRKRHLWLLGLIVPLLPFAAIGLRAATGSDAALWLGPVVLLVLIPLIDLVAGYDHTNPPDEVMEALEEDRYYRWITYLFLPLQYAGFGFGAWMLARGEVSVAGKIGLAVTLGTVAGIAINTAHELGHKRESTERWAAKIALAQCFYGHFYIEHNRGHHVRVATPEDPASSRLGESFYRFWPRTVVGSLRSAWGVERKRYARKHSHPFHLGNDVLNAWLMSAVLWGGLIAWLGVGILPYLLVQAVFGFSLLEIVNYMEHYGMLRKQVVTGTKTRYERVTPAHSWNSNNVATNVLLYHLQRHSDHHANPTRRFQTLRDFKESPVLPTGYTGMMAVALVPPWFRRVMDPRVYRHFDGDLRQANVQPGKLPALLKKYPLLHDPAETTTADARSRLADDVDAARCPGCGYVYRVAEGNELEGFAAGTAWSEIPDDWTCPDCGVRDKVDFVPVVREAA
JN415769.1.1468,Fontimonas thermophila,Fontimonas,1076937,MSTPTLDAGTLAWNDGKRYLWLLSPFIPVLGLIGLGLFLYTDIGLFTWSGPLLIYGLIPLLDWLVGEDRNNPPEAAVAQLENDRYYRAIVYAYLPTQYAVTVLGTWVAVTADLAIWEYIGLVLSVGAVNGIGINTAHELGHKRENLDRWLAKLTLAPVAYGHFFVEHNRGHHKNVATPEDPASSKMGESFWAFLPRTVIGSLRSAWAIEKARLQRNKQSVWSLDNENLQAWAMTIVLFGALTACLGWPALLFLVLQAAYGASLLEVINYIEHYGLLRQKLPDGRYERCQPRHSWNSNHIVTNLFLYQLQRHSDHHANPTRRFQALRHFDDSPQLPSGYASMLIPAYVPWLWFRLMDPLVARHYGGDLTKANLYPPKRAALLARWHRPRPDARRADTQPTDATATPADAAASPGGRYQCTDCGYIYDEAIGCPREGFPPGTPWSQIPDDWSCPDCAVRDKVDFRKLPAA
AJ278497.1.1506,Saccharomonospora halophila,Saccharomonospora,129922,MRVSDDTGTVPRGSTEHWKDGKRYLWLLGLVVPSLVFLAIGLREATGWGVWLWIGPIVILVVVPVLDLVAGLDRTNPPDEVLERLENDRYYRWITYLYLPIQYAGFVVAFWLIGTGDLGVVEKIGLAATLGSVGGIGINTAHELGHKKESHERWLSKIALAQSFYGHFYIEHNRGHHVRVATPEDPASSRVGESFYAFWPRTVFGSLRNAWRLEKRRFARRDRHPYRLSNDVLNAWLMSAVLWGAMIAWLGAGIVPYLLLQAVVGFSLLEVVNYMEHYGMLRQRVGKEDRRRYERVNPSHSWNSNNIATNVLLYHLQRHSDHHANPTRRYQTLRDFAESPNLPTGYAGMIVLAIVPALWRRVMDPRVLAHYDGDITRANIHPRKRDTVLAAHGHGGDGRVWPAPEPDTVPTRTAAPVGTGAAGTTQAMRCPNCAYVYDPAVGDPREGFPAGTPWSAVPETWCCPDCGVREKVDFVPLGDHESGGARGRTETAEL
AB248537.1.1472,Amycolatopsis niigatensis,Amycolatopsis,369932,MSEMTGTVPLGSTEGWTDKKRYLWLIGLVVPSLAFLAIGLHAATGWGVWLWIGPIVILAIVPAIDLVAGLDRSNPPDDVIERLEQDRYYRWITYLFLPIQYVGFVFAFWLIARGELSIADKVGLAVSIGCIGGIGINTAHELGHKKESHERWLSKIALAQSFYGHFYIEHNRGHHVRVATPEDPASSRVGESFYRFWPRTVFGSLKSAWGLERKRYARRNKHPFRIGNDVLNAWLMSAVLWVAMVAWLGVGILPYLVIQAVIGFSLLEVVNYMEHYGMLRQKVGPPERRRYERVDPSHSWNSNNIATNVLLYHLQRHSDHHANPTRRYQTLRDFAESPVLPTGYAGMIVLALFPPLWRRVMDKRVLNHFDGDMSRANIQPSKREKILAQYGSSAVKPVAVPEDVRGDAREGGMCPGCGYVYDEQRGDPREGFPAGTPWSSIPDSWCCPDCGVREKLDFVAPGRMSV
FN386750.1.1425,Marmoricola scoriae,Marmoricola,642780,MADSVVNSTVPDGSTLAWTDKKRYLWLIGLVVPSLAVVAFGMHQLTGWGVWLWVGPIVILAVVPAIDLVAGLDRSNPPDDVIEQLEGDRYYRWITYAYLPIQYAGFVLAFVWIAKPEWLGVAPLGLVDQLGVAISIGCIGGIGINTAHELGHKKESHERWLSKIALAQSFYGHFYIEHNRGHHVRVATPEDPASSRFGESFYAFWPRTVVGSLRSAWRLEKRRYARKDLHPFRLGNDVLNAWVMSAVLWGAMVAVLGWQVLPLLVVQAVVGFSLLEVVNYMEHYGMLRQKVGVGHRERYERVDPSHSWNSNNIATNVLLYHLQRHSDHHANPTRRYQTLRDFEESPVLPTGYAGMIVLAVVPPLWRRVMDPRVLAHFGGDITRANLQPRKRERILALYAADTRAAREQAARDAADAAALAAVDEVLAAQCPGCGYTYEVERGDEHEGFAAGTAWSDVPDTWCCPDCAVREKVDFVPVDPARLTGRATGSP
LC127008.1.1437,Nocardioides baekrokdamisoli,Nocardioides,1804624,MTDILTGTIPEGSTDQWRDKKRYLWLMGVIIPAAVLGAVGSHEWAMSHNATAFGHAIVWLGPVLLFVLVPIADLIFGLDGANPPEDIIESLENDKYYRWITYLFLPVQYVGFVVAFYLMVHGAHWSVVDKVGLSISLGVLGGLGINTAHELGHKRESVERWLSKIALAQTFYGHFYLEHNRGHHVRVATPEDPASSRLGENFYRFWPRTVFGSLKSAWHLEKKRYARKNTHPFHIGNDVLNAWIMSIALWGAMTIWLGVGILPYLVIQGIFGFSLLEIVNYLEHYGMLRQKVGEGESARYERVNPSHSWNSNNIPTNVLLYHLQRHSDHHANPTRRYQALRDFKESPVLPTGYAGMIVIAAVPPIWRRVMDQKVVDHFDGDITLANVQPGKLEKLLTKYPAPVAHKEIGHVDITRQQFDDGVTAARCPGCGYTYEVAAGNELEGFAAGTAWSEIPNDWTCPDCGVREKVDFIPLKGALQ
AJ293753.1.1488,Amycolatopsis coloradensis,Amycolatopsis,76021,MSEMTGTIPAGSTDRWTDRKRYLWMIGLVVPSLAFLAIGLHAATGWGVWFWIGPIVILVVVPLIDLIAGLDRDNPPDDVIERLDKDRYYRWITFAFLPIQYAGFVAAFWLISRGDLSVVHKIGLAISIGCIGGIGINTAHELGHKKESHERWLSKIALAQSFYGHFYIEHNRGHHVRVATPEDPASSRVGESFYRFWPRTVFGSLKSAWGLERKRYARRDRHPFRIGNDVLNAWLMSAVLWAAMIAWLGVGILPYLVIQAVIGFSLLEVVNYTEHYGMRRQKIGSPNRRRYERVDPSHSWNSNNIATNVLLYHLQRHSDHHANPTRRYQTLRDFAESPVLPTGYAGMIVLALFPPVWRRVMDPRVLAHFDGDISRANIQPSKRGKILARYGTRVTAPSRVVADTHGDATEGGMCPGCGYVYDEKLGDPREGFLAGTPWSAIPDAWCCPDCGVREKVDFVAPGRVGA
AJ278496.1.1405,Amycolatopsis keratiniphila,Amycolatopsis,129921,MKKYHLTGAENGAATWHDRKRYLWLLGLVVPLLPFAAIGLHAATGAGVVLWLGPFVVLVLVPLVDLMAGYDHTNPPDEVMEALEEDRYYRWITYLFLPLQYAGFVVGAWVLSGDGISVFGKVGLAVTLGTVAGIGINTAHELGHKRESVERWAAKIALAQCFYGHFYIEHNRGHHVRVATPEDPASSRLGESFYRFWPRTVFGSVRSAWGVEKKRYARKGSHPFHLGNDVLNAWLMSAALWGVLIAWLGLGILPYLVIQAVFGFSLLEIVNYMEHYGMLRKKVTNGAKSRYERVTPSHSWNSNNVATNVLLYHLQRHSDHHANPTRRFQTLRDFKESPVLPTGYTGMMIVALVPPLFRRVMDPRVVRHFDGDLRQANVQPGKLASLLKKYPPASFDDREMSFSDTALTLVDEVDAARCPGCGYTYRVVEGNELEGFAAGTAWSDVPDDWTCPDCGVRDKIDFVPVRREVV
AB006176.1.1471,Lentzea albida,Lentzea,65499,MKATVPVGSTEQWTDGKRYLWLLGLVVPSLAFLAIGMHAVTGWGVWFWIGPVVVLLIVPAIDLVAGLDRSNPPDDVIERLENDRYYRWITYLYLPIQYVGFVVAFWFIARGDLSVVDKIGLAVSIGCIGGIGINTAHELGHKKESHERWLSKIALAQSFYGHFYIEHNRGHHVRVATPEDPASSRVGESFYRFWPRTVFGSVKSAWRLERKRYGRRDRHPYRLGNDVLNAWLMSAVLWAAMIVWLGVGIVPYLLIQAVIGFSLLEVVNYMEHYGMLRQMVGAPGRRRYERVDPSHSWNSNNIATNVLLYHLQRHSDHHANPTRRYQTLRDFAESPVLPTGYAGMILLALVPPLWRRVMDPRVQAHFGGDIGRANIQPGKREDVLARYGGTDAGEVVVADSRGDATAGGMCPGCGYVYDESTGDPREGFPAGTPWSAIPDSWCCPDCGVREKIDFVAPGRVTSA
AJ577997.1.1397,Amycolatopsis lurida,Amycolatopsis,31959,MSEMTGTIPAGSTERWTDRKRYLWLIGLVVPSLAFLAIGLHAATGWGVWFWIGPIVILVIVPLIDLLAGLDRGNPPDDVIERLERDRYYRWITFAFLPIQYAGFVVAFWLIARGDLSVADKVGLAISIGCIGGIGINTAHELGHKKESHERWLSKIALAQSFYGHFYIEHNRGHHVRVATPEDPASSRVGESFYRFWPRTVFGSLKSAWGLERKRYARRDRHPFRIGNDVLNAWLMSAVLWAAMTVWLGPGILPYLVIQAVIGFSLLEVVNYMEHYGMRRQKVGPPNRRRYERVDPSHSWNSNNIATNVLLYHLQRHSDHHANPTRRYQTLRDFAESPVLPTGYAGMIVLALFPPVWRRVMDPRVLAHFDGDISRANIQPSKRAKILARYGTRVTAPSRAVADTHGDATEGGMCPGCGYVYDEKLGDPREGFPAGTPWSAIPDSWCCPDCGVREKVDFVAPGRVGA
AJ293756.1.1494,Amycolatopsis sulphurea,Amycolatopsis,76022,MRELTGTVPLGSTERWTDRKRYLWLIGLVVPSLAFLALGLHAATGWGVWFWIGPIVILVVVPAIDLIAGLDRSNPPDDVIEALEQDRYYRWITYLFLPIQYLGFGFACWLIVHGGLSVVDKIGLAVSIGCIGGIGINTAHELGHKKESHERWLSKIALAQSFYGHFYIEHNRGHHVRVATPEDPASSRVGESFYRFWPRTVFGSLKSSWRLERKRYARRSRHPYRIGNDVLNAWLMSAVLWAAMLAWLGIGVLPYLLIQAVVGFSLLEVVNYMEHYGMLRQRVGQAGRRRYERVNPSHSWNSNNIATNVLLYHLQRHSDHHANPTRRYQTLRDFAESPVLPTGYAGMIVLALIPPLWRRVMDPRVRAHFDGDLSRANIQPSKRDKILARQGVSASRPAAELSDVHGDAAEGGMCPGCGYVYDEHRGDPREGFPAGTAWSAIPDSWCCPDCGVREKVDFVAPGRMRT
AY129760.1.1470,Amycolatopsis regifaucium,Amycolatopsis,546365,MSEMTGTVPAGSTERWTDRKRYLWLIGLVVPSLAFLAIGLHAATGWGGWFWIGPIVILVVVPLIDLLAGLDRGNPPDDVIERLEQDRYYRWITFAFLPIQYAGFVAAFWLISRGDLPVVDKVGLAISIGCIGGIGINTAHELGHKKESHERWLSKIALAQSFYGHFYIEHNRGHHVRVATPEDPASSRVGESFYRFWPRTVFGSLKSAWRLERKRYARRDRHPFRIGNDVLNAWLMSAVLWAAMIAWLGVGILPYLVIQAVIGFSLLEVVNYMEHYGMRRQKVGPPNRRRYERVDPSHSWNSNNIATNVLLYHLQRHSDHHANPTRRYQTLRDFAESPVLPTGYAGMIVLALFPPLWRRVMDPRVLAHFDGDISRANIQPSKRAKILARHGTRVAAPSRVATDTYGDASEGGMCPGCSYVYEEKLGDPREGFPAGTPWSAIPDSWCCPDCGVREKIDFVAPGRVGA
FJ581021.1.1446,Amycolatopsis thailandensis,Amycolatopsis,589330,MSEMTGTIPVGSTDRWTDRKRYLWLIGLVVPSLAFLAIGLHAATGWGVWFWIGPIVILVVVPLIDLVAGLDRDNPPDDVIERLEKDRYYRWITFAFLPIQYAGFVAAFWLIARGDLSVVDKVGLAISIGCIGGIGINTAHELGHKKESHERWLSKIALAQSFYGHFYIEHNRGHHVRVATPEDPASSRVGESFYRFWPRTVFGSLKSAWGLERKRYARRDRHPFRIGNDVLNAWLMSALLWAAMTVWLGPGILPYLVIQAVIGFSLLEVVNYMEHYGMRRQKVGPPNRRRYERVDPSHSWNSNNIATNVLLYHLQRHSDHHANPTRRYQTLRDFAESPVLPTGYAGMIVLALFPPVWRRVMDPRVLAHFDGDISRANIQPSKRGKILARYGTRVTSSSTVAEDTHGDATEGGMCPGCGYVYDEKLGDPREGFPAGTPWSSIPDSWCCPDCGVREKVDFVAPGRVEA
AJ400709.1.1460,Amycolatopsis azurea,Amycolatopsis,36819,MSEMTGTIPAGSTERWTDRKRYLWLIGLVVPSLAFLAMGLHAATGWGVWFWIGPIVILVVVPLIDLVAGLDRDNPPDDVIERLEKDRYYRWITFAFLPIQYAGFVAAFWLIARGDLSVVDKVGLAISIGCIGGIGINTAHELGHKKESHERWLSKIALAQSFYGHFYIEHNRGHHVRVATPEDPASSRVGESFYRFWPRTVFGSLKSAWGLERKRYARRDRHPFRIGNDVLNAWLMSAVLWAAMTVWLGPGILPYLVIQAVIGFSLLEVVNYMEHYGMRRQKVGPPERRRYERVDPSHSWNSNNIATNVLLYHLQRHSDHHANPTRRYQTLRDFAESPVLPTGYAGMIVLALFPPVWRRVMDPRVLAHFDGDISRANIEPSKRGKVLARYGTRVTSSSTVADDTHGDASEGGMCPGCGYVYDEKLGDPREGFPAGTPWASIPDSWCCPDCGVREKVDFVAPGRVGA
AF051340.1.1477,Amycolatopsis alba,Amycolatopsis,76020,MSEMTGTIPAGSTERWTDRKRYLWLIGLVVPSLAFLAIGLHAATGWGVWFWIGPIVILVVVPLIDLVAGLDRDNPPDDVIERLEKDRYYRWITFAFLPIQYAGFVAAFWLISRGDLSVVDKIGLAISIGCIGGIGINTAHELGHKKESHERWLSKIALAQSFYGHFYIEHNRGHHVRVATPEDPASSRVGESFYRFWPRTVFGSLKSAWGLERKRYARRDRHPFRIGNDVLNAWLMSAVLWTAMTVWLGPGILPYLVIQAVIGFSLLEVVNYMEHYGMRRQKVGTPERRRYERVDPSHSWNSNNIATNVLLYHLQRHSDHHANPTRRYQTLRDFAESPVLPTGYAGMIVLALFPPVWRRVMDPRVLAHFDGDLSRANIQPSKRGKILARYGTRVTVSSTAVDDTRGDATEGGMCPGCGYVYDEKLGDPREGFPSGTPWSSIPDSWCCPDCGVREKVDFVAPGRVGA
AY183357.1.1506,Amycolatopsis kentuckyensis,Amycolatopsis,218823,MSEATGTLPAGSTELWRDRKRYLWLIGLVVPSLAFLAIGLHAATGWGGWFWIGPVVILVVVPLIDLVAGLDRSNPPDDVIARLENDRYYRWITFAFLPVQYLGFAAAFWLIARGDLGVADKIGLAVSIGCVGGIGINTAHELGHKKESHERWLSKIALAQSWYGHFYIEHNRGHHVRVATPEDPASSRVGESFYRFWPRTVFGSLKSAWRLERKRYARRNRHPYRLGNDVLNAWLMSAVLWAAMVAWLGAGVLPYLVLQAVVGFSLLEVVNYMEHYGMLRQRVGVPGRRRYERVDPSHSWNSNNIATNVLLYHLQRHSDHHANPTRRYQTLRDFAESPVLPTGYAGMIVLALVPPLWRRVMDPRVLAHYGGDISRANIQPGKRAKVLARHGTRVTAAAPEIADTRGDATEGGMCPGCGYVYDERRGDPREGFPAGTPWAAIPDSWCCPDCGVREKVDFVAPGRVDRAGSATT
X80635.1.1484,Gordonia amarae,Gordonia,36821,MSLKASGVVPDGTTEQWRDRKRYLWLMGLVVPSLAFVALGLYLLTGWGVFLWTGPVVIFVIVPLADLIIGIDTSNPPDEMIEELENDKYYRYVTFAFLPLQYAGFILAMYLVGTTDWPVIDKIGLAISIGCVGGIAINTAHELGHKREKEERWLGKIALAQTAYGHFFIEHNRGHHTRVSTPEDPASSRIGESFYRFWPRTVSGSLRSAWGSEKKRFERKETHPFHWSNDVLNAWAMTIVLFGVIIAIAGFDVIPYLILQAVVGFSLLEVVNYMEHYGMLRQKTRTGRYERVLPSHSWNSNNIGTNILLYHLQRHSDHHANPTRRYQTLRDYKESPTLPTGYAGMIVLAVIPPLWRKVMDPRVVAHFDGDVRLANVQPGKLDKLVAKFPPPGTDLELEKDDVTRQVYATEVLAARCPGCEYTYEVASGNEAEGFAAGTAWKDIPDDWVCPDCGVRDKVDFIPLPSAAGLG
AJ508237.1.1464,Amycolatopsis decaplanina,Amycolatopsis,208441,MSEMTGTIPAGSTERWTDRKRYLWLIGLVVPSLAFLAIGLHAATGWGVWFWIGPIVILVIVPLIDLLAGLDRGNPPDDVIERLERDRYYRWITFAFLPIQYAGFVVAFWLIARGDLSVADKIGLAISIGCIGGIGINTAHELGHKKESHERWLSKIALAQSFYGHFYIEHNRGHHVRVATPEDPASSRVGESFYRFWPRTVFGSLKSAWGLERKRYARRDRHPFRIGNDVLNAWLMSAVLWAAMTVWLGPGILPYLVIQAVIGFSLLEVVNYMEHYGMRRQMVGPPNRRRHERVDPSHSWNSNNIATNVLLYHLQRHSDHHANPTRRYQTLRDFAESPVLPTGYAGMIVLALFPPVWRRVMDPRVLAHFDGDISRANIQPSKRAKVLARYGTRVTAPSRVVADTHGDATEGGMCPGCGYVYDEKLGDPREGFPAGTPWSAIPDSWCCPDCGVREKVDFVAPGRVGA
AY183356.1.1398,Amycolatopsis pretoriensis,Amycolatopsis,218821,MTATVPAGSTERWRDRKRYLWLIGLVVPSLAFLAIGLHAATGWGVWFWIGPVVILVVVPLIDLGAGLDRSNPPDDVLERLEKDRYYRWITFAFLPIQYLGFVAAFWLVAHGNLTVADKIGLAISIGCIGGIGINTAHELGHKKESHERWLSKIALAQSFYGHFYIEHNRGHHVRVATPEDPASSRVGESFYRFWPRTVFGSLKSAWRLERKRYARRDKHPYRIGNDVLNAWLMSLVLWGAMVAWLGVGVLPYLVIQAVVGFSLLEVVNYMEHYGMRRQRVGAEGKRRYERVDPSHSWNSNNIATNVLLYHLQRHSDHHANPTRRYQTLRDFAESPVLPTGYAGMIVLALVPPVWRRVMDPRVLAHFDGDISRANIQPSKREKILARYGTRVTAVVPEHADTRGDATEGGMCPGCGYVYDEKLGDPREGFPAGTPWSAIPDSWCCPDCGVREKVDFVAPGRVGA
HQ021202.1.1456,Amycolatopsis circi,Amycolatopsis,871959,MSEMTGTVPLGSTERWTDKKRYLWLIGLVVPSLAFLAIGLHAATGWGVWLWIGPIVILAIVPAIDLVAGLDRSNPPDDVIERLEQDRYYRWITYLFLPIQYVGFVFAFWLIARGELSVVDRIGLSISIGCIGGIGINTAHELGHKKESHERWLSKIALAQSFYGHFYIEHNRGHHVRVATPEDPASSRVGESFYRFWPRTVFGSLKSAWGLERKRYARRDKHPFRIGNDVLNAWLMSAVLWVAMVAWLSVGILPYLVIQAVIGFSLLEVVNYMEHYGMLRQKVGPPERRRYERVDPSHSWNSNNIATNVLLYHLQRHSDHHANPTRRYQTLRDFAESPVLPTGYAGMIVLALFPPLWRRVMDQRVLNHFEGDLSRANIQPSKREKVLARYGSSAPETAAVPDDVRGDASEGGMCPGCGYVYDEQRGDPREGFPAGTPWSSIPDSWCCPDCGVREKVDFVAPGRMSV
Y14152.1.1457,Demetria terragena,Demetria,63959,MGPSGTLIEGSTERWKDKKRYLWLVGLVIPFAAVAVILGYLWTGWQWLFWLGPILILVVVPLIDLIAGLDRSNPPDDVIEALENDRYYRWITYAYLPLQYVGLIGAMAIVAGHNPVLWVADLLHLTAWLEGTSWGAPLVVENMTLSLVDKIGLAVSIGCVGGIGINTAHELGHKKEANERWLSKIALAQSFYGHFYIEHNRGHHVRVATPPDPASSRVGENFYQFWPRTVFGSLQSAWDIEKKRYARKGTHPFHLGNDVLNAWLMSTVLFGVLIALFGWQITPFLLIQAVVGLSLLEVVNYMEHYGMRRQLVGKQGRQRYERVNPSHSWNSNNIATNVLLYHLQRHSDHHANPTRRYQALRDYKESPVLPTGYAGMIVLTIVPALWRRIMDPRVLDHFDGDMSRANISPRKRDKVLAKYPVPQVEHGTSADLTAQEFSDEVLAARCPGCSYLYEVAIGDEHEGFAAGTPWKDVPSSWCCPDCGVREKVDFIPVETAGAP
EU438901.1.1504,Alcanivorax hongdengensis,Alcanivorax,519051,MATLEQGNATPWHDGKRYLWLLSPAIPVLAVLFLALYIFAWSWPGLLWGGPFLVYALIPFADWVVGTDTNNPPESAVQQLEDDKYYRLIVYAYIPTQYLATFMGAWLVAQGDTPLWGLVGLVFSVGAVNGIAINTAHELGHKKGKSERWLAKITLAPVAYGHFFVEHNKGHHKNVATPEDPASSRMGESFWAFLPRTMIGSVKSAWGIEKQRLERCQQPLWSLKNENLQSWLMTVVLFGALTVWFGWVVLPFLLLQAFYGASLLEVINYMEHYGLLRQQKADGRYERCEPRHSWNSNHIVTNLFLYQLQRHSDHHANPTRRFQALRHFDDSPQLPSGYASMLIPAYIPFVWFQKMDPLVYQHYQGDLSRANLQPGKRDKLLAKWQQAPVQYKSADSEPDYSREALLAAREAEKETDITHRFECPNCGYIYDEAQGNDSEGFPAGTRWAQIPDNWPCPDCAVREKVDFILHK
EF363712.1.1470,Nocardioides terrigena,Nocardioides,424797,MSLEHSLSGTVPSGSTDGWTDKKRYLWLIGLVVPSLAFLGIGLHQLTGWGVWFWLGPIVILGVVPAIDLVVGLDRANPPDDVIEALENDRYYRWITYLFLPIQYAGFVGAFYLLAHPEVIGGMGVLDQVGMAVSIGCIGGIGINTAHELGHKKEANERWLSKIALAQVAYGHFYIEHNRGHHVRVATPEDPASSRLGESFYRFWPRTVLGSLRSAWRLEKRRYARRKQHPFRLGNDVLNAWLMTAVLWGGLVAWLGPGVAPYLVLQAVVGFSLLEVVNYMEHYGMLRQKVGVGERRRYERVLPSHSWNSNNIATNVLLYHLQRHSDHHANPTRRYQALRDFEESPVLPTGYAGMIVLAIVPPVWRRVMDPRVVAHFGGDVTRANISPGRRERYLRRYGALSVAVVDEREDETPGLVEEVLAARCPGCSYTYEVAAGDEHEGFAAGTAWADVPADWTCPDCGVRDKADFVPCDPSRAVAR
AF114813.1.1511,Lentzea waywayandensis,Lentzea,84724,MSDKKATVPVGSTEQWTDGKRYLWLLGLVVPSLAFLAIGMHAATGWGVWFWIGPIVVLVIVPAIDLFAGLDRSNPPDDVIERLENDRYYRWITYLFLPIQYVGFVVAFWLIARGDLSVVDKIGLAVSIGCIGGIGINTAHELGHKKESHERWLSKIALAQSFYGHFYIEHNRGHHVRVATPEDPASSRVGESFYRFWPRTVFGSVKSAWRLERKRYGRRDRHPYRLGNDVLNAWLMSAVLWAAMIIWLGVGIVPYLLIQAVIGFSLLEVVNYMEHYGMLRQKVGAPDRRRYERVDPSHSWNSNNIATNVLLYHLQRHSDHHANPTRRYQTLRDFAESPVLPTGYAGMILLALVPPLWRRVMDPRVRGHFGGDIGRANIQPGRRAKVLARYGGVDIGEEVVTDTRGDATAGGMCPGCGYVYDEKTGDLREGFPAGTPWADIPDSWCCPDCGVREKIDFVAPGRVGTA
DQ792500.1.1448,Amycolatopsis saalfeldensis,Amycolatopsis,394193,MSETIGTVPAGSTEQWRDRKRYLWLIGLVVPSLAFLAIGLHAATGWGVWFWIGPIVILVVVPLIDLLAGLDRGNPPDDVIERLENDRYYRWITFIFLPVQYLGFVVAFWLIARGDLSIVDKIGLAVSIGCIGGIGINTAHELGHKKESHERWLSKIALAQSFYGHFYIEHNRGHHVRVATPEDPASSRVGESFYRFWPRTVFGSLKSAWRLERKRYARRDRHPYRIGNDVLNAWLMSAVLWAAMIVWLGVGVLPYLVIQAVIGFSLLEVVNYMEHYGMRRQRVGAPGRRRYERVDPSHSWNSNNIATNVLLYHLQRHSDHHANPTRRYQTLRDFAESPVLPTGYAGMIVLALVPPVWRRVMDPRVLAHFDGDLSRANLQPSKRAKILARYGISGSAPSVTVSDTHGDASEGGMCPGCGYVYDEKLGDPREGFPAGTPWSAIPDGWCCPDCGVREKVDFVAPGRVGA
AY083603.1.1465,Amycolatopsis rifamycinica,Amycolatopsis,287986,MSEATGTLPAGSTERWRDRKRYLWLIGLVVPSLAFLAIGLHAATGWGGWFWIGPVVILVVVPVIDLVAGLDRSNPPDDVIARLENDRYYRWITFAFLPVQYLGFAAAFWLIARGELTVVDKIGLAVSIGCVGGIGINTAHELGHKKESHERWLSKIALAQSWYGHFYIEHNRGHHVRVATPEDPASSRVGESFYRFWPRTVSGSLKSAWRLERKRYARRDRHPYRLGNDVLNAWLMSAVLWAAMVAWLGAGVLPYLVLQAVVGFSLLEVVNYMEHYGMLRQRVGVPGRRRYERVDPSHSWNSNNIATNVLLYHLQRHSDHHANPTRRYQTLRDFAESPVLPTGYAGMIVLALVPPLWRRVMDPRVLAHYGGDILRANIQPGKRAKVLARYGTRVTAATPVIADTRGDATEGGRCPGCGYVYDEQRGDPREGFPAGTPWAAIPDSWCCPDCGVREKVDFVAPGRVGPAGP
AF183957.1.1426,Lentzea flaviverrucosa,Lentzea,200379,MSDKKATVPVGSTEQWTDGKRYLWLLGLVVPSLAFLAIGMHAATGWGVWFWIGPIVVLLIVPAIDLVAGLDRSNPPDDVIERLENDRYYRWITYLFLPIQYVGFVAAFWLIARGDLSVVDKIGLAVSIGCIGGIGINTAHELGHKKESHERWLSKIALAQSFYGHFYIEHNRGHHVRVATPEDPASSRVGESFYRFWPRTVLGSIASAWRLERKRYARRDRHPYRLGNDVLNAWLMSAVLWAAMIVWLGAGIVPYLLVQAVIGFSLLEVVNYMEHYGMLRQMVGAPGRRRYERVDPSHSWNSNNIATNVLLYHLQRHSDHHANPTRRYQTLRDFAESPVLPTGYAGMILLALVPPLWRRVMDPRVRGHFGGDIGRANIQPGKRAKVLARYGGTDSGSTVAADSRGDATAGGMCPGCGYVYDEKTGDPREGFPAGTPWADIPDTWCCPDCGVREKIDFVAPGRVTA
KR534267.1.1461,Nocardioides gilvus,Nocardioides,1735589,MARGSTVTPESTEQWKDRKRYLWLIGLVVPSLAFVGYAGYGATGWGVWLWLGPIVILGVVPALDLIAGLDRSNPPDDVIEALENDKYYRWITYLYLPIQYVAFVLAMYLVMRGDPLGWAPDLGPVDKVALAISIGCVGGIGINTAHELGHKRESHERWLSKIALAQVAYGHFYIEHNRGHHVRVATPEDPASSRVGENFYQFWPRTVLGSLRSAWRLEKRRYARRKQHPFRIGNDVLNAWLMTAVLWVGLVAWLGVGLVPYLVIQALVGISLLEVVNYMEHYGMLRQKVGEGDRQRYERVDPSHSWNSNNIATNVLLYHLQRHSDHHANPTRRYQALRDYQESPVLPTGYAGMIVLAIVPAVWRRVMDPRVLAHFDGDLSRANLSPRKREKILARYAPRGSSGLVPAVPQARTEALPGAVPEVLAARCPGCGYTYEVAAGDEHEGFAAGTAWADIPESWCCPDCGVREKLDFVPYEPSEMSDRIASS
KM597488.1.1497,Lentzea guizhouensis,Lentzea,1586287,MGDKNATVPAGSTEQWTDGKRYLWLLGLVVPSLAFLAIGLHAFTGWGGWFWIGPVVILVVVPAIDLLAGLDRSNPPDDVLERLEQDRYYRWITYLYLPIQYLGFVVAFWLIARGDLAVVDKIGLAVSIGCIGGIGINTAHELGHKKESHERWLSKIALAQSFYGHFYIEHNRGHHVRVATPEDPASSRVGESFYRFWPRTVLGSLRSAWRLERKRYARRDRHPFRIGNDVLNAWLMSLVLWGAMIAWLGVGILPYLVVQAVIGFSLLEVVNYMEHYGMLRQQVGAPGRRRYERVDPSHSWNSNNIATNVLLYHLQRHSDHHANPTRRYQTLRDFAESPVLPTGYAGMILLALVPPWWRRVMDPRVRDHFGGDIGLANIQPGKRAKVLAKYGGTDHSEVLAEDSRGDATAGGMCPGCGYVYDERTGDPREGFPAGTSWSAIPDSWCCPDCGVREKIDFVAPGRVTSA
DQ000200.1.1514,Amycolatopsis jejuensis,Amycolatopsis,330084,MSEMTGTVPLGSTERWTDRKRYLWLIGLVVPSLAFLAIGLHAATGWGVWFWIGPIVILVIVPAIDLVAGLDRSNPPDDVIERLEQDRYYRWITYLFLPIQYVGFVFAFWLIARGDLSIVDKVGLAISIGCIGGIGINTAHELGHKKESHERWLSKIALAQSFYGHFYIEHNRGHHVRVATPEDPASSRVGESFYRFWPRTVFGSLKSAWRLERKRYARRDRHPFRIGNDVLNAWLMSAALWVAMVAWLGVGILPYLVIQAVIGFSLLEVVNYMEHYGMLRQQAGPPERRRYERVDPSHSWNSNNIATNVLLYHLQRHSDHHANPTRRYQTLRDFAESPVLPTGYAGMIVLALFPPLWRRVMDQRVLTHFGGDLSRANIQPSKRAKVLAQYGESAPVAVLDDVRGDASEGGMCPGCGYVYDEQRGDPREGFPAGTPWSSIPDSWCCPDCGVREKVDFVAPGRMSV
AF114804.1.1509,Lentzea aerocolonigenes,Lentzea,68170,MTGTVTPGSTEQWKDHKRYLWLIGLVVPSLAFVALGLHALTGWGGWLWIGPVVVLVIVPAIDLIAGLDRSNPPDELIEALEKDRYYRWITFLFLPIQYAGFTLAFWMIAHGSLSVVDKIGLAVSIGCIGGIGINTAHELGHKKESHERWLSKIALAQSFYGHFYIEHNRGHHVRVATPEDPASARVGESFYRFWPRTVAGSVKSAWRLEKKRYGRRDRHPYRIGNDVLNAWLMSAVLWGAMIWWLGAGILPYLVLQAVVGFSLLEIVNYMEHYGMLRQKVGVPGRVRYERVNPSHSWNSNNIATNVLLYHLQRHSDHHANPVRRYQTLRDFEESPVLPTGYAGMILLALVPPLWRRVMDPRVLHHFGGDISLANIHPPARAKVLARYPVPPATAERTRPDTITLTGDARGGRCPGCGYVYDAAVGAPREGFPAGTPRSAVPDSWCCPDCGVREKVDFVSIGAP
AY633969.1.1473,Nocardioides alkalitolerans,Nocardioides,281714,MTTSPDPLPTPAEALVRRTADGTGTVTTASTEQWRDPKRYLWLIGLVVPSLAFVAIAGWVLTGWSVWLWLGPVVILVVVPAFDLLVGLDRSNPPDDVIEALENDRYYRWITYAFLPIQYAGFVAAMWLVAGGELYGDQLTLADKIGIAVSIGCIGGIGINTAHELGHKKEANERWLSKVALAQVAYGHFYIEHNRGHHVRVATPEDPASSRLGESFYRFWPRTVIGSLRSAWSLEKKRYARKKTHPFHLGNDVLNAWLMTAVLWGGLTVWLGWEILPFLLVQAVVGFTLLEVVNYMEHYGMLRRKVGKAGRERYERVAPHHSWNSNNIATNVLLYHLQRHSDHHANPTRRYQTLRDFEESPVLPTGYAGMIVLAIVPPLWRRVMDPRVLAHVRGDLDDVNVQPGHREKLEKRYAALLRAHAVAEAERALEDQRLQDEARVEAERLAADDVVAARCPGCDYVYDVAAGEEREGFAAGTGWSQVPDDWCCPDCGVREKVDFVPLTSLPA
GU731671.1.1460,Paraperlucidibaca baekdonensis,Paraperlucidibaca,748120,MTTTTADTNWSDGKRYMWLLSPMLPVLGMLILLAYEMTGIQAFLWGGPALIFIIIPTLDRLIGTDNNNPPETMVNALESDSYYRFIVYAYIPSQFIVTVWGAVIAVTADLSAFGYIGLVLSVGAINGIAINTAHELSHKRDEFGRWMAKLTLAPVAYGHFYAEHVRGHHKNVATPDDPASSRMGETFWAFLPRTMIGSVKSAWKIEGERLGRQNKSVWSLSNDNLQAWALTVVFFGAITAVLGWYALPFLALQAFYGASLLEVINYIEHYGLLRQKGADGRFERCKPEHSWNSNHIVTNLFLYQLQRHSDHHAHPTRSFQALRHFEESPQLPSGYASMLIPAYIPFLWFRQMDPLVAKHYKGDLSRANIQPGKREQILRSALNRQQAEHASDGSAERAPLTPVAATAAAMCYRCSDCGYTYDEREGCPKEGFPAGTAWASIPNDWACPDCAVREKADFVPVA
JF937066.1.1468,Nocardioides daejeonensis,Nocardioides,1046556,MSLSSSGTATGTVPEGSTEQWRDRKRYLWLLGLVVPSLVFGAIAGVEYTGWSVFYWLGPIIVFGVAPAIDLMAGLDRTNPPDDVIEELENDKYYRWITYLFLPIQYAGFVVAFWLIATGDLSVIDKIGLAATVGAVGGIGINTAHELGHKREENERWLAKIALAQVAYGHFYIEHNRGHHVRVATPEDPASSRLGENLYRFWPRTVGGSLKSAWHLEKKRYARKGQHPFRLGNDVLNAWMMTVVLWGGLVVWLGPSVLPFLALQALIGFSMLEIVNYLEHYGMLRQKVGRAGKERYERVAPSHSWNSNNIATNVLLYHLQRHSDHHANPTRRYQTLRDFEESPVLPTGYMGMILVAMVPPLWRRLMDHRVVDHFGGDVRLANVQPGKLDRLLRRYPVPAPVLAAEAASAAAREDAVAAAAAAALAQVDEVLAAKCPGCEYVYEVAAGNELEGFAAGTAWADIPDDWCCPDCGVREKVDFVPVAPAVA
AM295338.1.1398,Marmoricola aequoreus,Marmoricola,397278,MAEAAAPEWTDKKRYLWLIGLVVPSLAAIAFVGFWATGWTAWLWAGPIVILGVVPAIDLVAGLDRSNPPDDVIEQLENDRYYRWITYAYLPIQYAGFVLAMTWIARPEWLGAPELSTWQAVGAAVSIGCIGGIGINTAHELGHKKESHERWLSKVALAQSFYGHFYIEHNRGHHVRVATPEDPASSRLGETFYAFWPRTVWGSLRSSWRLEQRRYARRDQHPFRLGNDVLNAWLMSTALWGVMIAVLGWGVAPYLVLQAVIGFSLLEVVNYMEHYGMLRQKVGVGERQRYERVDPSHSWNSNNIATNVLLYHLQRHSDHHANPTRRYQALRDFAESPVLPTGYAGMIVLALVPPLWRRVMDPRVLAHFDGDVTRANISPRRRERVLAAYGRPVAPAPVETAPSVEPVESRAKPVPVETLAARCPGCSYVYEVEAGDEHEGFAAGTAWSDIPDSWCCPDCGVREKVDFVPVEPGRLVK
AY129753.1.1461,Amycolatopsis australiensis,Amycolatopsis,546364,MSAGTVPAGSTELWRDRKRYLWLIGLVVPSLAFLAIGLRAATGWGGWFWIGPVVILVIVPVIDLLAGLDRGNPPDDVIERLENDRYYRWITFAFLPVQYLGFAAAFWLIAHGDLSVADKAGLAVSIGCIGGIGINTAHELGHKKESHERWLSKIALAQSCYGHFYIEHNRGHHVRVATPEDPASSRVGESFYRFWPRTVFGSLKSAWRLERKRYARRGKHPFRLGNDVLNAWLMSAVLWAAMVAWLGPGILPYLVIQAVIGFSLLEVVNYMEHYGMLRQRVGAPGKRRYERVDPSHSWNSNNIATNVLLYHLQRHSDHHANPTRRYQTLRDFAESPVLPTGYAGMIVLALVPPLWRRVMDPRVLAHFDGDISRANIQPAKRAKILARYGTRVTASASARADTHGDATEGGMCPGCGYVYDEKLGDPREGFPAGTPWSAIPDSWCCPDCGVREKVDFVAPGRVGA
JF750425.1.1399,Nocardioides psychrotolerans,Nocardioides,1005945,MDIPTQTPTAIPTESIANSTVPSGSSDQWTDKKRYLWLIGLVVPSLAFLAYGLWLATGLGAWFWIGPVVILVIVPAIDLFSGLDRSNPPDEAIEALEADAYYRWVTYLFLPIQYVGFVGAMYLIARGDPLGIGGDLTAWDKVGLALTIGCIGGIGINTAHELGHKREANERWLSKIALAQSFYGHFYIEHNRGHHVRVATPEDPASSRMGESFYAFWPRTVGGSLKSAWNVEKKRYARRDQHPFRIGNDVLNAWVMSAVLFGGVIAWLGLEVVPYLLLQAVIGFSLLEVVNYMEHYGMLRQKVGKPGKERFERVDPSHSWNSNNIATNVLLYHLQRHSDHHANPTRRYQTLRDFEESPVLPTGYAGMITLALFPPLYRRVMDPRVLAHFDGDLTRANLQPGKRDKLLAKYPPPVTQSAEEIAAEQASADAAAALTPDEVMAARCPGCGHTYQVEAGNELQGFAAGTAWSDIPEDWCCPDCGVREKVDFVPLTSVEAP
EF623863.1.1478,Nocardioides humi,Nocardioides,449461,MARYATQGADGTTVPWRDKKRYLWILGLVVPATPLVGIALFETTDTALWFWLTPVVFFALIPLIDLMAGYDDTNPPDDVIEALENDKYYRWVTYLYLPVQYVGFVIAIWYLATADLSVAAKVGLAISVGVVGGVAINTAHELGHKRESVERWASKIALAQTFYGHFYIEHNRGHHVRVATPEDPASARMGESVYRFWPRTVAGSLKSSWELEAKRYQRKGTHPFHLGNDVLNAWLMTVALWGALMLWLGLAYDVNPLALLPYLALQAVVGFSLLEIVNYMEHYGMLRQKVGKEGKQRYERVTPAHSWNSNNIATNVLLYHLQRHSDHHANPTRRYQTLRDFKDAPVLPTGYTGMIVVALFPPAFRALMDKRVLAHYNGDLRHANILASKRERLLRKYPVPAEVLAAEEEVPADATAHEFTDEVLAAQCPGCRYTYEVAEGNELEGFAAGTAWKDIPDDWCCPDCGVREKVDFKAVEPRRHDISKVGA
AF479268.1.1427,Amycolatopsis palatopharyngis,Amycolatopsis,187982,MTSLGKDTGTILEGSTDQWRDKKRYLWLIGLVVPSLAFAALGLHALTGWGVWLWIGPIVILVVVPAIDLLAGLDRSNPPDDVIEALENDRYYRWITYLFLPIQYAGFVVGFWLISTGDLAVVDKIGLAATIGSIGGIGINTAHELGHKKESHERWLSKIALAQSFYGHFYIEHNRGHHVRVATPEDPASSRFGESFYRFWPRTVFGSLRSAWRLEKRRYARHDKHPFRIGNDVLNAWLMSAVLWGAMLLWLGVGILPYLLLQAVVGFSLLEVVNYMEHYGMLRQKVRSRGKERYERVAPSHSWNSNNIATNVLLYHLQRHSDHHANPTRRYQTLRDFEESPVLPTGYAGMIVLALVPPLWRRVMDPRVLAHFDDDVRGANISPHNREKVLAKYPAPAATADPPGRHAAGNHQSGKDIRQAATRRGGQCPGCGYVYDEAVGDPREGFPAGTPWSAVPDNWCCPDCGVREKIDFVVPGTVSA
KF564279.1.1541,Pseudonocardia sediminis,Pseudonocardia,1397368,MKTYALDTPVDGRSTWHDGKRHLWMLGLVVPLLPFLAMGLYAATGLEVALWLGPVIVLVVVPLIDLFAGRDHSNPPDEVMEALEEDRYYRWITYAYLPIQYAGLVLGMWFIATQDAGVFGMVGLAMTLGSVAGIGINTAHELGHKKESSERWLARIALAQCFYGHFYIEHNRGHHVRVATPEDPASSRMGESFWAFWPRTVVGSVASAWRVERKRFARRDKHPFRLRNDVINAWLMSAVLWGVLIAVFGVAILPYLVIQAVFGFTLLELVNYMEHYGMLRQKVGPPDRRRFERVTPAHSWNSNNIATNVLLYHLQRHSDHHANPTRRFQTLRDFSESPVLPTGYTGMMALAVIPPLFYRVMDPLVVSHYEGDLRLANLQPRKREKLLARYPVPGTSAGTVAADTVAPIAGDDVAAARCPGCGHTYVVAEGNELEGFAAGTAWADVPDDWTCPDCGVRDKVDFIPLANAEA
KM453740.1.1504,Alcanivorax nanhaiticus,Alcanivorax,1177154,MTNHAQHTAPPTPWTDQKYLLWLASPFLPLLGFLSLLAGYVFEQPAFYWLMPVFFYAVLPLLDWLVGTDINNPPESAVAQLEANRYYRAIVYAYIPAQYATTIMAVWLATRGDISIASIIALIFSAGLINGVAINTAHELGHKRADLEKWLAKIALAPVAYGHFFVEHNRGHHKNVATPRDPASSRMGETFYAFLPRTMIGSLRSAWALEGERLARQGKSVWSLENENLRAWSLTVLLFGALTLWLGTGALAFLAIQAFFGAALLEVVNYLEHYGLLRQWDKRTQRYERCAPSHSWNSNNIVTNLLLYQLQRHSDHHANPTRRFQSLRHFDESPQLPSGYASMLILAYIPPLWFRVMNPRVARHYNGDVTKAHLYGPKREQLIKKWQTATPSCPETEAPATRPQEEQHSPNVPSASRHGCSNCGYVYDELKGNPSEGFVPGTPWKAIPSDWSCPECAVRDKADFVPLTSTAKPV
AJ508240.1.1478,Amycolatopsis vancoresmycina,Amycolatopsis,208444,MSEVTGTVPAGSTELWRDRKRYLWLIGLVVPSLAFLAIGLHAATGWGGWFWIGPVVILVIVPVIDLLAGLDRSNPPDDVIARLENDRYYRWITFAFLPVQYLGFAAAFWLIAHGGLTVVDKVGLAVSIGCIGGIGINTAHELGHKKESHERWLSKVALAQSFYGHFYIEHNRGHHVRVATPEDPASSRVGESFYRFWPRTVFGSLKSAWRLERKRYARRDRHPYRLGNDVLNAWLMSAVLWAAVVGWLGAGVLPYLVIQAVVGFSLLEVVNYMEHYGMRRQRVGAPGRRRYERVNPSHSWNSNNIATNVLLYHLQRHSDHHANPTRRYQTLRDFAESPVLPTGYAGMIVLALVPPLWRRVMDPRVLAHYDGDISRANIQPGKRDRVLARYGTRVTAAAAEVTDTVGDATEGGMCPGCGYVYDEDRGDPREGFPAGTPWAAIPDSWCCPDCGVREKIDFVAPGRVRPAGSGTT
EF466122.1.1407,Nocardioides halotolerans,Nocardioides,433660,MDTIANTTIPAGSTAEWRDPKRYLWLIGLVVPSLFFLGYAGWRATGWPGLFWIGPVVILVVVPAIDLVAGLDRSNPPDDVIEALEKDRYYRWITYLFLPIQYVGFVAAMYLIARGDPFGAGEIPLWAKVGLAVSIGCIGGIGINTAHELGHKKESHERWLSKIALAQSFYGHFYIEHNRGHHVRVATPEDPASSRVGESFYAFWPRTVVGSLRSAWRIEKRRYARKKQHPFRLGNDVLNAWVMSLVLWGALVAWLGLEILPYLVIQAVVGFSLLEVVNYMEHYGMLRQKVGVGERQRYERVDPSHSWNSNNIATNVLLYHLQRHSDHHANPTRRYQTLRDYEESPVLPTGYAGMIVLSIVPAIWRRVMDPRVLAHFDGDLSRANISPRKRDKVLAAYPPPAHDELVPTGELSAAQAAEVEVLAAQCPGCGYVYEVEAGDEHEGFAAGTAWKDVPDTWCCPDCGVREKVDFVPLDRTSAGRP
JQ673418.1.1462,Nocardioides glacieisoli,Nocardioides,1168730,MPGYPTRLAPSGTVPEGTTELWKDQKRYLWLIGLVVPSLAFVAFGGYVATGWSVFFWIGPIVILGVVPAIDLIAGLDRSNPPDDVIEALEEDRYYRWITYLFLPIQYVGFLGAMAVVGGWDVFRVLADAPLTTIDKIGLAISIGCIGGIGINTAHELGHKKEANERWLSKIALAQVFYGHFYIEHNRGHHVRVATPEDPASSRLGENFYQFWPRTVGGSLKSAWRLEKRRLARRKQSPWRLDNDVLNAWLMSIALWVAVVAAFGLEVAPYLVIQAVVGFSLLEVVNYMEHYGMLRQKVGEGDRQRYERVLPGHSWNSNNIATNVLLYHLQRHSDHHANPTRRYQTLRDFEESPVLPTGYAGMIVLAIVPAIWRRVMDQRVVDHFGGDVTLANISPRKRELYLRRYDAVGHAERAEAARVTAEVLPGAVAEVLAARCPSCEYVYEVAAGDEHEGFAAGTAWADIPADWCCPDCGVREKVDFVPVEPERSVA
X84321.1.1438,Lentzea albidocapillata,Lentzea,40571,MSDKKATVPVGSTEQWTDGKRYLWLLGLVVPSLAFLAIGMHAATGWGVWFWIGPIVVLGIVPAIDLFAGLDRSNPPDDMIERLENDRYYRWITYLFLPIQYAGFVVAFWLIARGDLSVVDKIGLAVSIGCIGGIGINTAHELGHKKESHERWLSKIALAQSFYGHFYIEHNRGHHVRVATPEDPASSRVGESFYRFWPRTVFGSIGSAWRLERKRYARRDRHPYRLGNDVLNAWLMSAVLWAAMLVWLGAGILPYLLIQAVIGFSLLEVVNYMEHYGMLRQMVGAPGRRRYERVDPSHSWNSNNIATNVLLYHLQRHSDHHANPTRRYQTLRDFAESPVLPTGYAGMILLALVPPLWRRVMDPRVRGHFGGDIGRANIQPGKRAKVLARYGGTGSGSDVVPDSRGDATAGGMCPGCGYVYDEKTGDPREGFPAGTPWADIPDTWCCPDCGVREKIDFVAPGRVTA
HQ657322.1.1487,Nocardioides lianchengensis,Nocardioides,1045774,MDTVANSTVPEGSTETWRDPKRYLWLIGLVVPSLAFVAYGAWAATGVGAFFWIGPVVILVVVPAIDLVAGLDRSNPPDDVIDRLEKDRYYRWITYLFLPVQYAGFLGAMYLITHGDPLGFQGDLTVLDKIGLAISIGCIGGIGINTAHELGHKKEANERWLSKIALAQSFYGHFYIEHNRGHHVRVATPEDPASSRVGESFYAFWPRTVLGSLKSAWRIEKRRYSRKKKHPFRIGNDVLNAWLMSAVLWGAVVAWLGVGVLPYLVVQAVVGFSLLEVVNYMEHYGMLRRRVGVGERQRYERVDPSHSWNSNNIATNVLLYHLQRHSDHHANPTRRYQTLRDFEESPALPTGYAGMIVLALVPPVWRRVMDPLVHAHFGGDLSRANLQPGKRERILASYPPPAVELSAAERAELVPGAVDEVLAARCPGCGYVYDVAAGDEHEGFAAGTAWADVPADWCCPDCGVREKVDFVPLARNEVA
GQ339906.1.1457,Marmoricola pocheonensis,Marmoricola,661485,MTTDYIANSTVPEGSSDRWRDKKRYLWLIGLVVPSLAFVAATAFIVTGWGAWLWIGPIIILGVVPAIDLIAGLDKSNPPDDVIEQLENDKYYRWITFLFLPIQYAGFVGAFAVLAGENPAGWLVNLLGVHDWAAGLPFADRLLAQDLGLNVVDKIGLAISIGSIGGIGINTAHELGHKREANERWLSKIALAQSFYGHFYIEHNRGHHVRVATPEDPASSRFGENFYQFWPRTVGGSLRSAWNLEKKRYARKHTHPFHLGNDVLNAWLMSAVLWGAIIAAFGWGVAPYLVIQAVMGFSLLEVVNYMEHYGMLRQKVGIGDRQRYERVDPSHSWNSNNIATNVLLYHLQRHSDHHANPTRRYQTLRDFEESPVLPTGYAGMIVLALFPPVWRRVMDPRVVAHFGGDLTRANLQPRKRAKILARYGLTERENERLAAIKAADDAAAAARAAAEVLAARCPGCGFVYEVAAGCEHEGFAAGTAWNDIPDDWCCPDCGVREKVDFVPFDPSVKEGVR
KM073954.1.1428,Nocardioides albidus,Nocardioides,1517589,MASNEAGPGAATGAEQAPWKDKKRYLWVLGLVVPTTPIAGIALFEATGQALWFWLTPVVFFALIPLIDLVAGYDDTNPPDEVIEALENDKYYRWVTYLYLPVQYVGFVVAMGYLATADLSVAAKVGLAISIGVVGGVAINTAHELGHKRESVERWASKIALAQTFYGHFYIEHNRGHHVRVATPEDPASSRMGESVYRFWPRTVLGSLKSSWELEAKRYQRKGTHPFHLGNDVLNAWLMTVVLWGGLMLGLALAYDVNPLGLLPYLALQAFVGFSLLEVVNYMEHYGMVRQKVGTPGKMRYERVTPAHSWNSNNIATNVLLYHLQRHSDHHANPTRRYQTLRDFKDAPVLPTGYTGMIVVALFPPAFRALMDKRVLDHYDGDLRRANLHPAKRERLLRKYPVPAELLAREAALRADTSARAFEGEVLAAQCPGCGYTYEVAEGNELEGFAAGTAWTDIPDDWCCPDCGVREKVDFTAVEPRRHVGVGA
GQ339892.1.1454,Marmoricola ginsengisoli,Marmoricola,661483,MANANASENIPNSTVPEGSTEVWKDNKRYLWLIGLVVPSLAFVAAGAYIVTGWGAWLWIGPIIVLGVVPAIDLIVGLDRANPPDDAIEALEKDKYYRWITYLFLPIQYLGFVGAMAVVAGENPAGWLVNTLGLHDWGMGLPFADRLMGEDLGLSIADKVGLAISIGVIGGIGINTAHELGHKREENERWLSKIALAQSFYGHFYIEHNRGHHVRVATPEDPASSRFGESFYAFWPRTVFGSLKSAWHLEKKRYARKNQHPFRIGNDVLNAWVMSAVLFGTIIAVFGWGVTPYLLIQAFIGFSLLEVVNYMEHYGMLRQKVGVGAKQRYERVDPSHSWNSNNIATNVLLYHLQRHSDHHANPTRRYQTLRDFEESPVLPTGYAGMIVISLFPPIYRRIMDPRVIAHFDGDLTLANIQPSKRDKILAKYGLTAKEAERKADIVAAQAAEAAAKLAAEVLAARCPGCGYTYEVAAGNEHEGFAAGTSWADIPADWCCPDCGVREKQDFVPVDPAKV
KC997601.1.1505,Oceanococcus atlanticus,Oceanococcus,1317117,MSTTQSMSVSDAMQWQDGKRYLWLLSPLLPTLGFLSVALFYLTGYSVFAWGGPILMYAVIPLFDRLIGTDRSNPPEAAVERLENDAYYRLIVYAYIPAQFAMTILGAWVFMTGDLGGWTILGLALTCGTINGVAINTAHELGHKKESLDRWLAKLTLAPVAYGHFYVEHNRGHHKNVATPEDPASSRMGESFWAFLPRTMLGSVRSAWEIEEQRLQRKGKSVWALENDNLQAWAMTAVLFGGLALWLGPWALSFLFAQAFFGASLLEVINYIEHYGLLRQKAANGRYERCAPRHSWNSNHIVTNLVLYQLQRHSDHHANPTRRFQALRHFDESPQLPSGYASMLMLAYVPWLWFRVMDPLVAAHHNGDISKAHLHAPKRQALLARWQRAEPDAGLSDAHHDSESPSTAHAATGATRYACTDCGYIYDEAEGCPREGYAPGTPWAALPDDWPCPDCAVREKPDFKPAKAA
JF750424.1.1403,Nocardioides szechwanensis,Nocardioides,1005944,MANSTVAPGSTEAWKDNKRYLWLIGLVVPTLAFLGYGAWLATGVGAWFWIGPVVILVIVPAIDLISGLDRSNPPDDAIEALEKDKYYRWITYLFLPVQYAGFVGAMYLIARGDPLGIGGDLNLFDKVGLAVSIGCIGGIGINTAHELGHKREANERWLSKIALAQSFYGHFYIEHNRGHHVRVATPEDPASSRMGETFYAFWPRTVVGSLTSAWRVEKRRYARRQQHPWRIGNDVLNAWLMSAVLFGGVIAWLGVGITPYLVIQAVVGFSLLEVVNYMEHYGMLRQKVGAGDRQRYERVDPSHSWNSNNIATNVLLYHLQRHSDHHANPTRRYQTLRDFEESPVLPTGYAGMIVLAAFPPIWRRVMDPRVAAHFGGDITRANLQPGKEAKLLAKWPRPATVVEAERVAAEAAEAAERALPVEEVLAARCPGCGHTYEVEVGNELEGFAAGTAWADIPDDWCCPDCGVRDKLDFVPLTSAESV
AB286023.1.1473,Janibacter corallicola,Janibacter,415212,MASIAATTESTWRDGKRYLWLIGLVVPSLAFVAFLGFAVTGWAAWLWLGPILILGVIPLADLVLGLDPNNPPAEAVKALEADPYYRWIVYAYIPVQYLGFLAAMYLIARGNPLADFLGSVGLADWGAAHLPGGLGTPFELTTMEKVGAAISIGCVGGIAINTAHELGHKRPKHEKWLSKVALAQSGYGHFFIEHNRGHHVRVATPEDPASSRMGESFYAFWPRTVIGSLRNAWRLESKRLARRGQHPFRLGNDLLNAWAMTVVLWAALVLWLGPGLLPYLLLQGFIGLSLLEVVNYLEHYGMLREKVHHGDVERYEKVLQRHSWNSNNIATNVFLYHLQRHSDHHANPTRRYQALRTFDEAPVLPTGYAGMIVLALLPPLWRRVMDPRVAAHFEGDLTRANIDPRKRERILAAHAVAPAGGPAATATIEVREATDVDAATCPGCGYRYEVAAGDEHEGFAAGTPWTDIPGDWPCPDCGVREKRDFVVEAAT
GU784866.1.1507,Nocardioides alpinus,Nocardioides,748909,MAGHPTRLAPSGTVPDGTTELWKDRKRYLWLIGLVVPSLAFVAFGGYLATGWSTWFWVGPIVILGIVPAIDLVAGLDRSNPPDDVIEALEQDRYYRWITYLFLPIQYVGFLGAMAVVGGWDAFGLLADQPLATIDKIGLAISIGCIGGIGINTAHELGHKKEANERWLSKIALAQVFYGHFYIEHNRGHHVRVATPEDPASSRLGENFYQFWPRTVGGSVRSAWRLEKRRLARRKQSPWRLDNDVLNAWVMSLVLWAVVIAAFGPEVAPYLLVQAVVGFSLLEVVNYMEHYGMLRQKVGVGDRQRYERVLPSHSWNSNNIATNVLLYHLQRHSDHHANPTRRYQTLRDFEESPTLPTGYAGMIVLAIVPAVWRRVMDQRVVDHFGGDVSLANISPRKRETYLRRYATQPLLEQGEERARVDTEAEAPSQRAPEVLAARCPGCAYVYEVAAGEEHEGFAAGTAWADIPQDWCCPDCGVRDKADFVPCAPERSPA
AY166703.1.1357,Aeromicrobium marinum DSM 15272,Aeromicrobium,585531,MWRDKKRYLWVLGLVVPMLPLTGLALENASGFELWLWMTPVVFLGLIPLVDLAAGYDDTNPPDDIIEALENDRYYRWVTYVYLPVQYVGFILAMWYLATAELSVGGKIGLAVSIGVVGGVAINTAHELGHKREANERWLSKIALAQTFYGHFYIEHNRGHHVRVATPEDPASARLGESLYRFWPRTVFGSLKSAWEVESKRYRRKDTHPFHLRNDVLNAWLMSVALWGGLLAVLFFAAGVSPLSVLPYLLIQAVVGFSLLEIVNYMEHYGMLRQKVGKGDKYRFERVTPAHSWNSNNIATNVLLYHLQRHSDHHANPTRRYQALRDFKDAPVLPTGYTGMIVVALFPPLFRRLMDQRVIDHYDGDIRLANVQPGKEEKLLRKFPIPEALLDREAKILEDATVQDFADEVLAARCPGCGHTYQVVEGNELEGFAAGTAWADIPDDWCCPDCGVREKVDFTPIDPRQAVGS
AY363245.1.1477,Hydrocarboniphaga effusa,Hydrocarboniphaga,243629,MDGIARMPTNNTWVDGKRYWWLLSPALPLIALGSVFASLYGAPAWTLWILPVVFYCGVPLFDWLISEDRVNAPESAVAGLDQDRYYRRIVYLYIPTQYVITILGAWYAVQGTLDIWGLAGLTITVGMINGVGINTAHELGHKTNSLERWLARITLAPVAYGHFFIEHNKGHHKNVATPEDPASSRMGESFWTFLPRSVIGSARSAWHIEAERLKRIDRPAWSMKNENLQSWAMTVVMFAALTAWLGWGALLFLVVQAIYGFCLLEVVNYLEHYSLARKKDANGRYERCQPRHSWNSNHVVTNLLLYQLQRHSDHHANPTRRYQALRHFEDSPQLPSGYAGMILVAYFPPLWFKLMNPRVVAHHGGDLLKANLHPRARERLLKRYMPNYVPEREMGTVKKAEKPTAEQAKPVSATDRYECPNCQYIYVESVGCPAEGYPAGTTWASLPADWPCPQCAVREKPDFKPVPAQQ
X53212.1.1447,Nocardioides luteus,Nocardioides,1844,MSLDASGTVDRGSTEKWRDRKRYLWLLGLVVPSFAFIAVGGYALTGWGVFLWTGPIVVLGLVPAIDFAAGLDRSNPPDDIIEELEEDRYYRYITFAFLPIQYAGFAFAMYLIATQDWPPAHKIGLALTIGFIGGIGINTAHELGHKKESHERWLSKIALAQSFYGHFYIEHNRGHHVRVATPEDPASSRMGENLYGFWFRTVSGSLKSAWGLEAKRYRRKGTHPFHLGNDVLNAWLMSIALWTGMTLWLGVGILPYLILQAVVGFSLLEIVNYLEHYGMLRQKTTSGRYERVLPMHSWNSNNIATNVLLYHLQRHSDHHANPTRRYQTLRDYRESPTLPTGYAGMIVLALVPPLWRRVMDKRVVAHFDGDVRLANVRPGRLDRLLTTFPPTAAEPAHEDVDDVTRQTFDDDVAAGRCPGCGYVYEVAVGNELEGFAAGTAWRDIPDDWCCPDCGVREKVDFIPLKESTL
KM199638.1.1455,Marmoricola solisilvae,Marmoricola,1542737,MAVNETVPAGSTEVWKDKKRYLWLIGLVVPSLAFVAAGVYIVTGVGAILWIGPIIVLGVVPAIDLIVGLDRANPPDDAIEALEKDKYYRWITYLFLPIQYLGFVGAMAVVAGENPAGWLVNTLGLHDWGMGLPFADRLMGESLGLNVIDKIGLSISIGVIGGIGINTAHELGHKREANERWLSKIALAQSFYGHFYIEHNRGHHVRVATPEDPASSRMGESFYAFWPRTVSGSLKSAWSLEKKRYARKNTHPFHLGNDVLNAWLMSAVLFGAIIAVFGVGVTPYLVIQAIMGFSLLEVVNYMEHYGMLRQKVGIGDKQRYERVDPSHSWNSNNIATNVLLYHLQRHSDHHANPTRRYQTLRDFEESPVLPTGYAGMIVISLFPPIYRRIMDKRVYAHFNGDLTLANIQPSKRAKILAKYGITEHEHEQGEDLSAHTFMNEVLAARCPGCNYVYEVEVGNELEGFAAGTSWKDIPDDWCCPDCGVREKIDFVPIDPSQISGKV
AY423718.1.1438,Nocardioides ganghwensis,Nocardioides,252230,MPGYPTRVPSRLAPSGTVPDGTTELWKDRKRYLWLIGLVVPSLAFVAFGGYLATGWSVWFWIGPIVILGIVPAIDLVAGLDRSNPPDDVIEALEQDRYYRWITYLFLPIQYAGFLGAMAVVGGWDYFGLLADQPLSTLDKIGMAVSIGCIGGIGINTAHELGHKKEANERWLSKIALAQVFYGHFYIEHNRGHHVRVATPEDPASARLGENFYQFWPRTVGGSLKSAWRLEKRRLARRKQSPWRLDNDVLNAWLMSVVLWVAVLAAFGIEVLPFLVIQAVVGFSLLEVVNYMEHYGMLRQKVGEGDRQRYERVLPSHSWNSNNIATNVLLYHLQRHSDHHANPTRRYQTLRDFEESPVLPTGYAGMIVLAIVPAVWRRVMDQRVVDHFGGDVSLANISPRKRETYLRRYDAVGYAARAEAERAAGEALPGAVAEVLAARCPSCEYVYEVAAGDEHEGFAAGTAWADIPDDWCCPDCGVREKVDFVPCEPERSVA
Z78211.1.1484,Nocardioides plantarum,Nocardioides,29299,MTDPIRNSTVPEGSSATWRDGKRYLWLIGLVVPSLAFVAGGLWALTGWGVWFWIGPIVVLGVVPAIDLVAGLDRSNPPDDAIEALEKDRYYRWITYLFLPIQYVGFVAACYVIAEGAPYGLGELTLVDKIGLAISIGTIGGIGINTAHELGHKREANERWLSKIALAQSFYGHFYIEHNRGHHVRVATPEDPASSRLGESFYAFWPRTVLGSLRSAWSLEKKRYARKKTHPFHLGNDVLNAWLMSAVLFGGLVAWLGVELVPFLLIQAVVGFSLLEVVNFMEHYGMLRQKVGTGARQRYERVDPSHSWNSNNIATNVLLYHLQRHSDHHANPTRRYQTLRDFEESPVLPTGYAGMIVLALVPPLFRAVMDQRVVRHFGGDVTLANVQPRLRSRYLERYPRPATVLEAERVAREDVALAAAAAAATQEVLAARCPGCGYTYEVETGNELEGFAAGTAWKDIPDDWCCPDCGVRDKVDFVALSDTERQEA
AJ294413.1.1479,Knoellia subterranea,Knoellia,184882,MATNATIPVGSTEQWRDPKRYLWLIGLVVPSLAFLGGGLWLLTGWSLWFWLGPIIILGVVPAIDLFAGLDRANPPDDVIEALEKDRYYRWITYLYLPIQYAGFVGAMWVVSGASPWELTLGQKIGLAVSIGCIGGIGINTAHELGHKREANERWLSKIALAQSFYGHFYIEHNRGHHVRVATPEDPASSRVGENFYQFWPRTVWGSLKSAWRLEARRIGRRKQHPFRLSNDVLNAWLMSAVLFGGLIAWLGWGILPYLVIQAVVGFSLLEVVNYMEHYGMLRQKVGYGDRTRYERVGPSHSWNSNNIATNVLLYHLQRHSDHHANPTRRYQTLRDFEESPVLPTGYAGMIVLALVPAVWRRVMDPRVLRHFDGDLSRANLSPRKRERILTAYPPPSSIVGQGLSDDVLGSAAVDEVLAARCPGCGYTYDVVAGEEREGFAAGTAWAEIPADWCCPDCGVREKVDFVVVEPRAA
KC907394.1.1486,Mumia flava,Mumia,1348852,MADDAPDRIANSTVPAASTEVWKDKKRYLWLIGLVVPSLAFVAAAAYIVTGWGLWLWIGPIIILGVVPTIDLMAGLDRSNPPDDAIEALEKDKYYRWITYAFLPIQYLGFLGAFWVVGGGNPAAWMVDQAGLQEWASGLPFGERMTGDLDLSVLDKVGLAISIGAIGGIGINTAHELGHKREANERWLSKIALAQSFYGHFYIEHNRGHHVRVATPEDPASARLGENFYQFWPRTVIGSLRSAWGLEKRRIARRGKHPFRISNNVLNAWLMSVVLFGTVIALFGWGVTPYLIIQAVMGLTLLEVVNYMEHYGMLRQKVGAGSRRRYERVDPSHSWNSNNIATNVLLYHLQRHSDHHANPTRRYQTLRDFEESPVLPTGYAGMIVLALVPPVWRRVMDPRVAAHFGGDLTRANISPRKRARILAQVGATDAEVARSARTQRGGADGSGVSAVPEVLAARCPGCGYTYEVAAGNEHEGFAAGTAWDDVPNTWCCPDCGVREKVDFVPVDPAEDPVDTRRA
EF466110.1.1437,Nocardioides sediminis,Nocardioides,433648,MSPEQSSAGTVPPGSTDGWTDKKRYLWLIGLVVPSLAFLGIGLHRLTGWDVWFWLGPIVILGVVPAIDLVAGLDRSNPPDDVIEALEKDRYYRWITYLFLPIQYAGFVGAFWLLAHPGAVGGLDTLDRIGLAVSIGCIGGIGINTAHELGHKKEANERWLSKIALAQVAYGHFYIEHNRGHHVRVATPEDPASSRLGESFYAFWPRTVLGSLRSAWRIEKRRYARRKQHPFRIGNDVLNAWLMTAVLWGAMVAWLGAGIAPYLLLQAVVGFSLLEVVNYMEHYGMLRRRVGVGERRRYERVLPSHSWNSNNIATNVLLYHLQRHSDHHANPTRRYQALRDFEESPVLPTGYAGMIVLAVVPAIWRRVMDPRVVAHFGGDVSRANISPRHRERYLERYGALSVHVAGEREDVAPGLVEEVLAARCPGCGYTYEVAAGDEHEGFPAGTAWAEVPADWCCPDCGVRDKADFVPVDPSREVAPT
EU313812.1.1487,Hydrocarboniphaga daqingensis,Hydrocarboniphaga,490188,MSTSTLPLGGNSETWQDGKRWLWLLSPVIPLLVVLFMLGGHFADAGWAFWAPALVIYLIVPLLDWIIGTDTTNPPESAVAGLDQDRYYRAIVYAYLPSQYFATIFGAWLAVNGDLATWELVGLIIGVGIVNGIGINTAHELGHKTNGLERWLAKLTLAPVAYGHFFVEHNKGHHKNVATPEDPASSKMGESFWVFLPRTVIGSVRSAWHIEKDRLARTGDGVWTTKNENLQAWSLTVLLFAGLTAWLGPWALVFLVAQAIYGAGLLEVINYIEHYGLLRLKIQGDRYERCQPKHSWNSNHIVTNLVLYQLQRHSDHHANPTRRFQALRHFDDSPQLPSGYASMLLLAYFPPLWFRWMDPLVVKHHRGDLTRANVYAPKRDQLLARWQGTSFEGAPSTVARPAAAEAAASTAVTYTPAKPQALVLGYQCNNCGYIYKEAEGCPREGYAAGTRWSELPDSWPCPDCAVRDKLDFVPLVA
HE801966.1.1407,Nocardioides albertanoniae,Nocardioides,1175486,MEIANSTVPEGSTERWRDKKRSLWLLGLVVPILGFIAIGGWHLTDIGVFLWTGPIIILVVVPLIDLFTGLDKSNPPEDMIEALENDRYYRWIVYSYLPLQYTVFIAGMAVVANGALDGHTMGIVDRVGLAISVGCIGGIGINTAHELGHKREDVERWLSKIALAQSFYGHFYIEHNRGHHVRVATPEDPASAKLGESFYAFWPRTVSGSLRSAWRLEKKRYARHDKHPFRIGNDVFNAWLMSAVLWGAMIVWLGPSVIPFLLIQAVVGFSLLEVINYMEHYGMLRQKRGRRYERVDPSHSWNSNNIATNVLLYHLQRHSDHHAHPVRRYQTLRDYQESPVLPTGYAGMILLAVVPPVWRRVMDPRVLAHFDGDLSRANILPRKRERILAKYPPPVSDRPELGDDTVAQVSSVEVLAARCPGCGYTYRVEEGNEAEGFAAGTAWADVPDDWCCPDCGVREKVDFVPLAQDSVS
EU303271.1.1448,Solimonas aquatica,Solimonas,489703,MGGGPIVTTTQCAGGALPTAAGWRDGKRWLWLLSPALPLVGLGLLLVAYATGEAALYWAFPFIFYVVVPALDWLIGADPVNAPEAAVPQLVADRYYRYIVYAYIPSQYLVTIGGAWLWVHGGMVWWQLLGLTVSVGMINGIGINTAHELGHKTGTLERWLAKLTLAPVAYGHFFVEHNKGHHKNVATPHDPASARMGETFWEFLPRTVIGSLRSAWNIEKVRLERKGRRVWSLQNENLQAWSLSLLLFVALGACIGWAALPFLLIQAAYGASLLEVVNYLEHYGLLRGFDAKSGRYERCQPHHSWNSNHIITNLVLYQLQRHSDHHANPTRHYQALRHFDNTPQLPSGYAAMVLVAYLPPLWFALMDRRVVAHHQGDLRRANLLPRKRKQLLRRWMGESVPAPAAKAAAPSEREAVSAAPVAAAAPARFQCPNCAYAYDPVQGHRGDGIAPGTAWELVPRDWSCPDCAVRDKVDFVRV
X79287.1.1472,Gordonia bronchialis,Gordonia,2054,MAHEPTGTVTTESTRRWRDRKRYLWLIGLIVPSFAFVAIGGYELTGWSAFLWTGPIVVLVLVPAIDFLTGFDPTNPPNDVIEELENDKYYRYITFAFLPIQYAGFILSMYLIATAGWPVIDKIGLALTLGFIGGIGINTAHELGHKKESHERWLSKIALAQSFYGHFYIEHNRGHHVRVATPEDPASSRLGENLYRFWIRTVTGSLRSAWEIEAKRYRRKDTHPFHLGNDVLNAWLMTVVLWGALLIWLGVGILPYLVLQAIIGFSLLEIVNYLEHYGMLRQKTDSGRYERVLPLHSWNSNNIATNVLLYHLQRHSDHHANPTRRYQTLRDYKESPALPTGYSGMIVLALFPPLWRRVMDKRVAAHFDGDIRLANVAPGKMDRLLRRFPAPATESGPAAVTDVSRRPVEDGVRAARCPGCDYVYDVAEGNELEGFAAGTAWRDIPDDWCCPDCGVREKVDFVPLTTTSGR
JQ819260.1.1445,Saccharopolyspora dendranthemae,Saccharopolyspora,1181886,MPLEASGTVAEGTTGRWRDQKRYLWLLGLVVPSMAFIAIFGKEVLGISALLWTGPLIVLVIVPLIDFLVGLDRSNPPDDVIEALEEDRYYRYITFAFLPVQYAGFVCAMYLIVARDWPVIDKIGLAATIGFIGGIGINTAHELGHKKESHERWLSKIALAQSFYGHFYIEHNRGHHVRVATPEDPASSRIGENFYRFWVRTVSGSLKSAWNLEKRRYQRKGTHPFHLGNDVLNSWMMTAVLWGGLVAWLGPEVLPYLLLQGVIGFSLLEVVNYLEHYGMLRQEVASGKTRRYERVQPSHSWNSNNIATNVLLYHLQRHSDHHANPTRRYQVLRDYQESPVLPTGYAGMIVLALVPPLWRRVMDHRVVAHFDGDVRLANVQPGKTHRLLRRFPTQAAEVGAAVKTDATRQEFGDDVHAARCPGCGYTYEVATGDEAEGFAAGTAWKDVPDDWCCPDCGVREKVDFVPLKESVQ
AJ001150.1.1499,Alcanivorax jadensis,Alcanivorax,64988,MKSAEQTTAFTDWHDGKRYLWLLSPAIPVLAVSFLLIYMFIWDWPGLLWGGPLLVYGLIPLADWVIGTDTNNPPESAVPQLEDDKYYRLIVYAYIPTQYLATIMGAWLVAQGQTPMWGLVGLVFSVGAVNGIAINTAHELGHKKTKTERWLAKITLAPVAYGHFFVEHNKGHHKNVATPEDPASARMGESFWRFLPRTMIGSVKSAWHIEAQRLERCEDPLWSLKNENLQGWLMTVLLFGLLTLWLGWIVLPFLLLQAFYGASLLEVINYMEHYGLLRQKKADGRYERCEPRHSWNSNHIVTNLFLYQLQRHSDHHANPTRRFQALRHFDDSPQLPSGYASMLMPAYIPFVWYQKMDPLVYQHYKGDLTQANLQPGKREKLLKKWQQPAVTYHSADSEPDVAEGAVAEAHQAEQEIDTPHQFQCPNCGYVYDESRGEEKEGFAPGTRWLQIPNDWPCPDCAVREKVDFVLRKH
HQ875491.1.1493,Sinimarinibacterium flocculans,Sinimarinibacterium,985250,MNNVITATLPDGTAWTDGKRYWWLLSPALPAMSLVALLLAYLSGTGLWFWAVPFVFYGIVPLLDRLIGTDPVNAPERAVPALEADRYYRRIVIAYIPTQYAVTLFGAWLAVSGGYAWWELIGLVIAVGVINGVGINTAHELGHKTNPLERWLAKITLAPVAYGHFFIEHNKGHHKHVATPEDPASSRMGETFWAFLPRTVIGSVRSAWHIERTRLQRDRKPVFSQHNEILQAWAMTLVLFGAVSLWLGPWALLFLVAQAAYGASLLEVVNYLEHYGLLRLKDANGRYERCQPRHSWNSNHVVTNLLLYQLQRHSDHHANPTRRYQSLRSFDDSPQLPSGYASMLLIAYLPPLWFRLMDPLVVRHHGGDLTRANLHPPRREQLLRRWMGSTAAARPTATATAEAASGAATPRTADAPHQCPNCSYVYDAAAGCPQEGYPPGTPWASLPDDWSCPHCAVRDKPDFIAIRRA
X81925.1.1320,Gordonia aichiensis,Gordonia,36820,MALEASGTVADGTTERWRDRKRYLWLIGLIVPSFAFIAIGVYELTGWAVFLWTGPIIVLGVVPAIDFCIGFDPTNPPDDVIEELENDKYYRYVTFAFLPIQYAGFIWAMYLIATGGWPVIDKVGLAVTLGFIGGIGINTAHELGHKKESHERWLSKIALAQTFYGHFYIEHNRGHHVRVATPEDPASSRLGEGFYRFWFRTVFGSLRSAWQVEAKRYRRKDTHPFHLGNDVLNAWLMTIVLWGALTVWLGVGILPYLVLQAVVGFSLLEVVNYLEHYGMLRQQTTSGRYERVLPMHSWNSNNIATNVLLYHLQRHSDHHANPTRRYQTLRDYRESPALPTGYAGMILLSLFPPLWRRVMDHRVVEHFDGDVRLANVAPGKLDRLTRRFPLPTGTEFDDSPVEDATPGACVDDIPAARCPGCGYVYEVAVGNELEGFAAGTAWKDIPNDWTCPDCGVRDKLDFIPLTETSA
Y08539.1.1473,Janibacter limosus,Janibacter,53458,MATTVTSPDTAVWRDGKRYLWLIGLVVPSLAFVAFAGRALTGWSWWLWLGPIIILGVIPAVDLLVGRDRTNPPEEAVKALEADPYYRWIVYAYVPIQYLGFAAAMYLVIRGNPVPDVLDALGLGGWLDLLPGQLGTPFELSVIERIGASISIGCVGGIAINTAHELGHKRPRHERWLSKVALAQSGYGHFYIEHNRGHHVRVATPEDPASSRLGESFYAFWPRTVFGSLRSAWRLESSRLRRRGKPVLHPGNDVLNAWAMTLVLWGAMMLWLGIGVLPYLLLQGVVGLSLLEVVNYLEHYGMRRAKVHHRDVERYERVLQSHSWNSNNIATNVFLYHLQRHSDHHANPTRRYQALRDHESAPVLPTGYAGMIVLALLPPLWRRVMDPRVAAHFDGDLTRANIDPRKRDRILVTHAAGARALAPALTAPAAQAPDEVASAACPGCGYEYLVAAGDEHEGFPAGTPWSEIPVDWACPDCGVRDKLDFVVRSA
FJ423551.1.1474,Nocardioides caeni,Nocardioides,574700,MATYATRGADGTVVPWRDKKRYLWILGLVVPLTPIVGIALFEATDTALFFWLTPVVFFGLIPLIDLVAGYDNTNPPDDVIDALENDKYYRWVTYLYLPVQYGGFIAAIWYLATTDMSVLAKVGLAISVGVVGGVAINTAHELGHKRESVERWASKIALAQTFYGHFYIEHNRGHHVRVATPEDPASARMGESVYRFWPRTVMGSLKSSWELEAKRYQRKGTHPFHLGNDVLNAWLMTVALWGGLMLWLGLAYDVNPLGLLPYLVLQAIVGFSLLEVVNYMEHYGMVRQKVGKAGKMRYERVTPAHSWNSNNIATNVLLYHLQRHSDHHANPTRRYQTLRDFKDAPVLPTGYTGMIVVAMFPPAFRALMDKRVIAHYDGDLRLANLHPAKREKLLRKYPVPAELLAAEAAQREDESAHEFADEVLAAQCPGCHYTYEVAEGNELEGFAAGTAWKDIPDDWCCPDCGVREKVDFVAVEPGRLGPKVGA
DQ447774.1.1253,Knoellia remsis,Knoellia,407159,MTANAGTDTGANATVPQGSTQQWTDKKRYLWLIGLVVPSLAFLGIGMYELTGWKVWFWLGPIVVLGIVPAIDLVAGLDRSNPPDDVIEALEKDRYYRWITYAYLPIQYAGFVGAMWIIGTDAISGLTVLDKVGLAVSIGCIGGIGINTAHELGHKREANERWLSKIALAQSFYGHFYIEHNRGHHVRVATPEDPASSRVGENFYQFWPRTVWGSLKSAWGLEARRIARRKQHPFRLSNDVLNAWLMSAVLWGALLLWLGWGILPYLVIQAVVGFTLLEVVNYMEHYGMLRQRVAYGEKSRYERVDPSHSWNSNNIATNVLLYHLQRHSDHHANPTRRYQTLRDFEESPVLPTGYAGMIVLALVPFVWRRVMDPRVLRHFDGDLSRANLSPRKRERLLAQYPPPVRSLVGAGPGEGGYAGAPTVEEILAARCPGCGYTYDVVAGEEREGFAAGTAWSQIPDDWCCPDCGVREKVDFVAVDPQVA
AB020031.1.1475,Umezawaea tangerina,Umezawaea,84725,MAGDDTGTVTAGSTQGWRDRKRYLWLIGLVVPSLAFAALGLHAWTGWGAWFWLGPVVVLLVVPAVDLLTGLDRSNPPDDVIEALENDRYYRWITFLFLPIQYAGLAVAFWTIARGDLSTVDRIGLAVTIGCVGGIGINTAHELGHKKESHERWLSKIALAQSCYGHFYIEHNRGHHVRVATPEDPASSRVGESFYRFWPRTVAGSLVSAWRLERKRYARRGRHPFRIGNDVLNAWLMSVVLWGAMVAWLGVGILPYLLVQAVVGFSLLEVVNYMEHYGMARRVVGAPGRRRYERVAPRHSWNSNNVATNVLLYHLQRHSDHHANPTRRYQSLRDFEESPALPTGYAGMILLALVPPLWRRVMDPRVLAHFGGDMSLANVEPRRREAVLARYPVPVTAPRPTADDPPVVAAAPVTAVGGRCPGCGYVYDERVGDPREGFPAGTPWSAVSDSWCCPDCGVRDKTDFVVSTREPTREASA
AY500143.1.1430,Pseudonocardia ammonioxydans,Pseudonocardia,260086,MKTYALSRPVDGEDTWQDGKRYAWLLGLVVPILPFLAIGLHLLTGLSAVLWLGPVVVLVVVPAIDLVAGHDPTNPPDEVMEELEEDRYYRWVTYAYLPLQYAGLFTGMWYIANAGAPLAGDIGLAVTLGTVAGVAINTAHELGHKREDVERWAAKIALAPSFYGHFYVEHNRGHHVRVSTPQDPASARMGESFYRFWPRTVAGSLTSAWRLERKRFARRDRHPYRIGNDVLNAWLMSVVLWGAVIALFGWGTLPYLLLQAVVGFTLLELVNYMEHYGMLRQKVGPPDRRRFERVTPAHSWNSNNIATNVLLYHLQRHSDHHANPTRRFQTLRDFPEAPVLPTGYTGMMIAALIPPLFRRLMDPLVLAHYDGDLRLANLQPSKREALLATYPPPGVAAEEELADVSRREHADGVTAARCPGCGYTYEVAAGNEAEGFPAGTAWSEIPDDWTCPDCGVREKVDFVALSPEEV
FN386714.1.1415,Nocardioides rubriscoriae,Nocardioides,642762,MTDTIRNSTVPAGSSETWKDSKRYLWLIGLVVPSLAFAAGGLWALTGWGVWFWIGPIVVLGVVPAIDLFAGLDRSNPPEDAIEALEKDKYYRWITYLFLPIQYVGFVAAFYVIAQGAPFGLGELSLVDKIGLAVTIGTIGGIGINTAHELGHKREANERWLSKIALAQSFYGHFYIEHNRGHHVRVATPEDPASSRLGETFYAFWPRTVAGSLKSAWHLEKKRYARKQTHPFHLGNDVLNAWLMSAVLFGGLVAWLGVEILPFLVIQAVIGFSLLEVVNFMEHYGMLRQKVGSGTKQRYERVDPSHSWNSNNIATNVLLYHLQRHSDHHANPTRRYQTLRDFEESPVLPTGYAGMIVLALVPPLFRKAMDQRVVDHFGGDVTLANVQPGKLDTYLARYPRPTEVLEAERIAREDAAAATAAAAATEEVLAARCPGCGYTYEVEVGNELEGFAAGTAWKDIPDDWCCPDCGVREKVDFVALDPTAKQDA
Y08535.1.1413,Pseudonocardia alni,Pseudonocardia,33907,MRTYALSEPVNGHHTWHDGKRYAWLLGLLVPVLPFLAIGLHLATGWSVALWLGPIVVLGIVPTIDLFAGKDPTNPPDEVMEELEEDRYYRWVTYAYLPLQYAGLFAGMFYIATAGAPVVGNIGLAVTLGTVAGVAINTAHELGHKREDVERWAAKIALAPAFYGHFYVEHNRGHHVRVSTPDDPASARMGESFYRFWPRTVFGSLTSAWRLERKRYARRDRHPFRIGNDVLNAWLMSVVLWGAIIASFGWGVLPYLLIQAVFGFTLLELVNYMEHYGMLRQKVGPPDRRRYERVLPEHSWNSNNIATNVLLYHLQRHSDHHANPVRRFQTLRDFPEAPVLPTGYTGMMLAATVPPVFRRLMDPLVVAHYDGDLRYANLQPGKRDTLLAAYPPPADPAPAADTAADVTRRAQSDAVTAARCPGCGYTYEVAAGNEAEGFPAGTPWSQVPDDWCCPDCGVREKVDFVALTTEEV
EU928972.1.1380,Pseudonocardia autotrophica,Pseudonocardia,2074,MRTYALSEPVNGHHTWHDGKRYAWLLGLLVPVLPFLAIGLHLATGWSVALWLGPIVVLGIVPTIDLFAGKDPTNPPDEVMEELEEDRYYRWVTYAYLPLQYAGLFAGMFYIATAGAPVVGNIGLAVTLGTVAGVAINTAHELGHKREDVERWAAKIALAPAFYGHFYVEHNRGHHVRVSTPDDPASARMGESFYRFWPRTVFGSLTSAWRLERKRYARRDRHPFRIGNDVLNAWLMSVVLWGAIVASFGWGVLPYLLIQAVFGFTLLELVNYMEHYGMLRQKVGPPDRRRYERVLPEHSWNSNNIATNVLLYHLQRHSDHHANPVRRFQTLRDFPEAPVLPTGYTGMMLAATVPPVFRRLMDPLVVAHYDGDLRYANLQPGKRDTLLAAYPPPADPAPAADTAADVTRRAQSDAVTAARCPGCGYTYEVAAGNEAEGFPAGTPWSQVPDDWCCPDCGVREKVDFVALTTEEV
AY837752.1.1483,Janibacter anophelis,Janibacter,319054,MAAAVPPPQAPAWRDGKRYLWLIGLVVPSLAFVGYLGHAVTGWSWWLWLGPIIILGVIPAIDLVVGRDRTNPPEEAVKALEADPYYRWIVYAYIPIQYLGFVAAMYLIARGNPLPAIAEALGSTSWLDALPGALGAPFELSTAERIGAAISIGCIGGIAINTAHELGHKRPKHERWLSKVALAQSGYGHFFIEHNRGHHVRVATPEDPASSRLGESFYAFWPRTVVGSLRSAWRLEATRLRRRGKPVLHPGNDVLNAWAMTFVLWGTFVLWLGIGVLPYLLLQGFIGLSLLEVVNYLEHYGMRRTKVHHGEVERYERVLQRHSWNSNNIATNVFLYHLQRHSDHHANPTRRYQALRDHESAPVLPTGCAGMIVLALLPPLWRRVMDPRVAAHYDGDLSRANIDPRKRERILAAGAATLGAPLVDELVLTAPDDVTTATCPGCGYRYVVAAGDEHEGFAAGTAWSEVPVDFACPDCGVRDKLDFVLESV
AJ508236.1.1485,Amycolatopsis japonica,Amycolatopsis,208439,MKKYHLAGAENGAATWHDRKRYLWLLGLVVPLLPFAAIGLHAATGAGVVLWLGPFVILVLVPLVDLLAGYDHTNPPDEVMEALEEDRYYRWITYLFLPLQYAGFVVGAWVLSGDGISVFGKIGLAVTLGTVAGIGINTAHELGHKRENVERWAAKIALAQCFYGHFYIEHNRGHHVRVATPEDPASSRLGESFYRFWPRTVFGSVRSAWGVEKKRYARKGSHPFHLGNDVLNAWLMSAALWGVLIAWLGFGILPYLVIQAVFGFSLLEIVNYMEHYGMLRKKVTNGAKSRYERVTPSHSWNSNNVATNVLLYHLQRHSDHHANPTRRFQTLRDFQESPVLPTGYTGMMIVALVPPLFRRVMDPRVVRHFDGDLRQANVQPGKLASLLKKYPPATFDDREMSFSDTVTTLSDEVDAARCPGCGYTYSVVEGNELEGFAAGTAWSDIPDDWTCPDCGVRDKIDFVPVRREVV
AJ698724.1.1479,Nocardioides oleivorans,Nocardioides,273676,MAGYPTQVPTRLAPSGTVPEGTTELWKDRKRYLWLIGLVVPSLAFVAFGGYLATGWSVWFWVGPIVILGIVPTIDLVAGLDRSNPPDDVIEALEQDRYYRWITYLFLPIQYAGFLGAMAVVGGWSVFGALDSMPLSVVDKVGLAISIGCIGGIGINTAHELGHKKEANERWLSKIALAQVFYGHFYIEHNRGHHVRVATPEDPASSRLGENFYQFWPRTVGGSVRSAWRLEKRRLARRKQSPWRLDNDVLNAWLMTLALWAVVVVAFGVEVLPFLVVQAVVGFSLLEVVNYMEHYGMLRQKVGEGDRRRYERVLPSHSWNSNNIATNVLLYHLQRHSDHHANPTRRYQTLRDFEESPVLPTGYAGMIVLAMVPFVWRRVMDQRVVDHFGGDVSLANISPRKRAAYLQRYHGVDHEVAVGADGAVVTAKEVLAARCPSCEYVYEVAAGDEHEGFAAGTAWADIPDDWCCPDCGVREKVDFVPVEPERSVA
AJ555478.1.1487,Solimonas variicoloris,Solimonas,254408,MNTSTLAAPPQSWRDGKRYLWLLSPLVPVLSLSCLLLAYATGNNLFLWGMPLFMYGLLPLLDTLIGTDPTNPPESAVAGLEQDRYYRAIVFAYIPAQFAATIFGAWLFATGDYAWWNLVAIALSVGIINGIAINTGHELGHKTNALERWLARLTLAPVAYGHFFIEHNKGHHKNVATPIDPASSRMGESFWAFLPRTMVGSLRSAWHIEAERLKRNGKRVWSLSNENLQSWALTVVLFGAVSLWLGPWALLFLVAQAFFGASLLEVVNYIEHYGLLRQYDSKAGRYERCAPRHSWNSNHIVTNLFLYQLQRHSDHHANPTRRYQALRHFDDSPQLPSGYSSMILVAYCPPLWFRMMDHRVAAHHRGDLSKAHLHAPKRAALLARWQRAPLRATPATTATATPAAAPAASVAADADRYLCPNCSYVYDAAAGCPHEGIAPGTPWARLPADWPCPACAVREKVDFQPLPAVARAA
AB468971.1.1491,Luteipulveratus mongoliensis,Luteipulveratus,571913,MVTATPGTGTIPEGSTEQWKDKKRYLWMIGLVIPSLAIAVIIAYLYLGWSWMVWIGPILILGIVPAIDLVVGLDQENPPDDLIEALERDKYYRWITYLYLPIQYLGLWGAMAIVVGINPIHAITDVLHLTDWLGGMSWSKPLVVDHLDLSLISKIGLSISIGAVGGIGINTAHELGHKKEANERWLSKIALAQSCYGHFYIEHNRGHHVRVATPPDPASARLGENFYQFWPRTVSGSLKSAWNLEKKRYARKNTHPFHIGNEVLNAWVMSLVLYLGLVALVWNAPRAGGWNGFAITPFFLIQAVMGFSLLEVINYMEHYGMKRQLVGQEGRQRYERVNPSHSWNSNNIATNVLLYHLQRHSDHHANPTRRYQALRDYKESPVLPTGYAGMIVLTIVPAIWRRVMDQRVLNHFDGDITLANISPRKRDKYLAKYPAPVHEHDETLDDATAHEFDNEVLVARCPGCSYVYEVAAGDEHEGFAAGTAWKDIPDSWCCPDCGVREKVDFVPIEKVEVA
EF178286.1.1462,Nevskia soli,Nevskia,418856,MTTQSITNDAAVQWADGKRLLWLLSPAIPLAALAFQVLAIATGYGLWCWAMPVLFYGIIPLFDHLIGVDRVNAPESAVAQLEGDRYYRAIVYAYVPTQFVVTVLGAWMAVRGGFAWWEILGLVVSTGMINGIGINTAHELGHKTNSLDRWLAKLTLAPVAYGHFFVEHNKGHHKNVATPDDPASSRMGETFWAFLPRTVSGSLQSAWGIEKERLARSGKSVFSGDNENLQAWAMTVILFGAVSLWLGWIALAFLLAQAFYGAALLEVINYIEHYGLLRAKDARTGRYERCAPAHSWNSNHVVTNLVLYQLQRHSDHHANPTRRFQALRHFDESPQLPSGYASMLLLAYFPPLWFRQMDPLVVQHYKGDLTRANLYAAKRESLLNRWQGKTLDDGQPSLYPLGQEAAQQQPPGGEAARYQCTDCGYIYDERKGCEHEGFAPGTRWSQIPDDWTCPDCAVRDKLDFIRLGAVEAA
AB273624.1.1453,Nocardioides exalbidus,Nocardioides,402596,MAGYPTRIPNRLAPSGTVPDGTTELWKDRKRYLWLIGLVVPSLAFVAFGGYLATGWSVWFWVGPIVILGIVPTIDLVAGLDRSNPPDDVIEALEQDRYYRWITYLFLPIQYAGFLGAMAVVGGWSVFGALDGMPLSPVDKVGLAISIGCIGGIGINTAHELGHKKEANERWLSKIALAQVFYGHFYIEHNRGHHVRVATPEDPASSRLGENFYQFWPRTVGGSVKSAWRLEKRRLARRKQSPWRLDNDVLNAWLMTVALWAVVVVAFGVEVLPFLLIQAVVGFSLLEVVNYMEHYGMLRQKVGEGERQRYERVLPSHSWNSNNIATNVLLYHLQRHSDHHANPTRRYQTLRDFEESPVLPTGYAGMIVLAAMPFVWRRVMDQRVVDHFGGDVSLANISPRKRAAYLRRYGASPLVEEGERARAETTEEQARKEVLAARCPSCEYVYEVAAGDEHEGFAAGTAWADIPDDWCCPDCGVREKVDFVVIEPERAA
AJ001010.1.1394,Nevskia ramosa,Nevskia,64002,MASIANPAQATANWQDGKRYWWLMSPALPALVLAGLAAVPFANGALLTTLLCWVGFVLLYGIAPVLDWMIGTDPVNAPESAVAALEQDAWYRNIVFAYVPAQYAVTAIGAWVVMTQDLAWFQMLGVLLSTGVINGVGINTAHELGHKTNSLERWMAKLTLAPVAYGHFFIEHNKGHHKHVATPLDPASSAMGETLYQFLPRTFAGSLKSAWKIEADRLTRLGKPVWSLDNENLQAWSMTVVLFAALTLWLGWPALIFLVVQAVYGASLLEVVNYLEHYGLARQKLADGRYERCQPRHSWNSNHVVTNLLLYQLQRHSDHHANPTRRFQALRHFEDSPQLPSGYASMILAAYFPLVFFKLMDHRVAAHHGYDLSKARIEPSKREALMRRWHRPESAAASVETLDEAAVIDSAAVAVAVEGPAYVCPNCRYVYAETRGCPTEGWAAGTTWAQLPEDWTCPQCAVREKPDFARIA
AB257720.1.1477,Panacagrimonas perspica,Panacagrimonas,381431,MNTRSDTLPLSAAGTTWRDPKRYAWPLVPLWILTPVLSIYLAIVTGQAAWYWLTVVLTYFVFPILDLDVLIGRDTRNPPEGAVPRLEADRYYTWLLYLTVPCHYIALFAGAWAVGTQQMSVLSYIGVAWSCGLMNGFAIATAHELGHKKSSTERWMAKLSLATGFYGQYMIDHNRGHHRDVATPEDSGSARFGEGFWEFMILRQVPHSDFVRPWQLEKERLARKGKGPWTLQNEFLQPALISLAVYSLITWMYGWVVVPYLLGGAFITYLFLALADYIEHYGLLRDKLPNGRYAHVRPEHSWNTDHVASNIIFWNVQRHSDHHAWPTRRYQSLRSFRNLPQMPTGYPGMFGIALFWPLWKWIMVPRVLAIHGHDLTKMNVHPGRREALMRQYHRPVAAPVAETAEASEHRPQGHVVAASAGLAPRYQCPGCGYVYDEARGDTQQGFLPGTPWARVPSVWQCPDCAVRDKADFFRVDRP